,,,,,,,,,,,,,,,,,,,,,,,,,20,21,22,24,25,26,27,28,29,30,31,32,33,34,35,36,37,38,39,40,41,42,43,44,45,46,47,48,49,50,51,52,53,54,55,56,57,58,59,60,61,62,63,64,65,66,67,68,69,70,71,72,73,74,75,76,77,78,79,80,81,82,83,84,86,87,88,89,90,91,92,93,94,95,96,97,98,99,100,101,102,105,107,108,109,110,111,112,113,114,115,116,117,118,121,122,125,,,,,,,,,,,,,,,,,,,,,,,,,,,,,,,,,,,,,,,,,,,,,,,,,,,,,,,,,,,,,,,,,,,,,,,,,,,,,,,,,,,,,,,,,,,,,,,,,,,,,,,,,,,,,,,,,,,,,,,,
nest,site,species,lat,lon,prot,estHD,pic,cov_1m,cov_5m,ad_band,ch_band,init_date,pred_type,i,j,k,NOTES,camera,cam_diff,final_fate,cam_fate,fate_date,cam_notes,,20-Apr-19,21-Apr,22-Apr,24-Apr,25-Apr,26-Apr,27-Apr,28-Apr,29-Apr,30-Apr,1-May,2-May,3-May,4-May,5-May,6-May,7-May,8-May,9-May,10-May,11-May,12-May,13-May,14-May,15-May,16-May,17-May,18-May,19-May,20-May,21-May,22-May,23-May,24-May,25-May,26-May,27-May,28-May,29-May,30-May,31-May,1-Jun,2-Jun,3-Jun,4-Jun,5-Jun,6-Jun,7-Jun,8-Jun,9-Jun,10-Jun,11-Jun,12-Jun,13-Jun,14-Jun,15-Jun,16-Jun,17-Jun,18-Jun,19-Jun,20-Jun,21-Jun,22-Jun,23-Jun,25-Jun,26-Jun,27-Jun,28-Jun,29-Jun,30-Jun,1-Jul,2-Jul,3-Jul,4-Jul,5-Jul,6-Jul,7-Jul,8-Jul,9-Jul,10-Jul,11-Jul,14-Jul,16-Jul,17-Jul,18-Jul,19-Jul,20-Jul,21-Jul,22-Jul,23-Jul,24-Jul,25-Jul,26-Jul,27-Jul,30-Jul,31-Jul,3-Aug,,,,,,,,,,,,,,,,,,,,,,,,,,,,,,,,,,,,,,,,,,,,,,,,,,,,,,,,,,,,,,,,,,,,,,,,,,,,,,,,,,,,,,,,,,,,,,,,,,,,,,,,,,,,,,,,,,,,,,,,
001,RUTW,WIPL,29.76707,-93.16140,none,5/24/2020,Y,5,10,no,,,,24,24,30,no sign of predator.no adults present. Severe storms on 4/29. popsicle stick still present.  ,N,N,F,,,,,,,,1E,,,,,,"0E, failed",,,,,,,,,,,,,,,,,,,,,,,,,,,,,,,,,,,,,,,,,,,,,,,,,,,,,,,,,,,,,,,,,,,,,,,,,,,,,,,,,,,,,,,,,,,,,,,,,,,,,,,,,,,,,,,,,,,,,,,,,,,,,,,,,,,,,,,,,,,,,,,,,,,,,,,,,,,,,,,,,,,,,,,,,,,,,,,,,,,,,,,,,,,,,,,,,,,,,,,,,,,,,,,
002,RUTW,SNPL,29.76764,-93.16496,none,5/11/2020,Y,0,10,no,,,vehicle,24,30,34,"4/30 female captured at nest (box trap) 13:40 and banded. 5/4 nest was run over by vehicle, nest stick crunched, no adults present. ",N,,Hu,,,,,,,,"2E, 17d, 9d float",,,,,,1E,,,,"0E, failed",,,,,,,,,,,,,,,,,,,,,,,,,,,,,,,,,,,,,,,,,,,,,,,,,,,,,,,,,,,,,,,,,,,,,,,,,,,,,,,,,,,,,,,,,,,,,,,,,,,,,,,,,,,,,,,,,,,,,,,,,,,,,,,,,,,,,,,,,,,,,,,,,,,,,,,,,,,,,,,,,,,,,,,,,,,,,,,,,,,,,,,,,,,,,,,,,,,,,,,,,,,
003,HBRB,WIPL,29.76491,-93.3722,none,5/18/2020,Y,0,0,"T7, no",,,,30,49,49,all eggs floated almost vertical on the bottom (9 day egg). All eggs hatched and chicks banded,N,,H,,,,,,,,,,,,,,"3E, 8d",,,,3E,,,,,,,,3E,,,,,3E,,3C,,,,,,,,,,,,,,,,,,,,,,,,,,,,,,,,,,,,,,,,,,,,,,,,,,,,,,,,,,,,,,,,,,,,,,,,,,,,,,,,,,,,,,,,,,,,,,,,,,,,,,,,,,,,,,,,,,,,,,,,,,,,,,,,,,,,,,,,,,,,,,,,,,,,,,,,,,,,,,,,,,,,,,,,,,,,,,,,,,,,,,,,,,,,
004,HBRB,WIPL,29.76457,-93.36822,none,5/21/2020,Y,5,5,"female no, P9?",,,coyote,30,47,49,certain the female is unbanded but not sure if P9 is the male ,N,,D,,,,,,,,,,,,,,"3E, 5d",,,,,,,,,,,,3E,,,,,3E,,"0E, failed",,,,,,,,,,,,,,,,,,,,,,,,,,,,,,,,,,,,,,,,,,,,,,,,,,,,,,,,,,,,,,,,,,,,,,,,,,,,,,,,,,,,,,,,,,,,,,,,,,,,,,,,,,,,,,,,,,,,,,,,,,,,,,,,,,,,,,,,,,,,,,,,,,,,,,,,,,,,,,,,,,,,,,,,,,,,,,,,,,,,,,,,,,,,
005,RUTW,LETE,29.76762,-93.16486,none,5/23/2020,,,,,,,,34,34,41,,N,,S,,,,,,,,,,,,,,,,,,"1E, 1d",,,,,,,failed,,,,,,,,,,,,,,,,,,,,,,,,,,,,,,,,,,,,,,,,,,,,,,,,,,,,,,,,,,,,,,,,,,,,,,,,,,,,,,,,,,,,,,,,,,,,,,,,,,,,,,,,,,,,,,,,,,,,,,,,,,,,,,,,,,,,,,,,,,,,,,,,,,,,,,,,,,,,,,,,,,,,,,,,,,,,,,,,,,,,,,,,,,,,,,,,,,,,
006,RUTW,LETE,29.76767,-93.16515,none,5/24/2020,,,,,,,,34,34,41,,N,,S,,,,,,,,,,,,,,,,,,"2E, 2d",,,,,,,failed,,,,,,,,,,,,,,,,,,,,,,,,,,,,,,,,,,,,,,,,,,,,,,,,,,,,,,,,,,,,,,,,,,,,,,,,,,,,,,,,,,,,,,,,,,,,,,,,,,,,,,,,,,,,,,,,,,,,,,,,,,,,,,,,,,,,,,,,,,,,,,,,,,,,,,,,,,,,,,,,,,,,,,,,,,,,,,,,,,,,,,,,,,,,,,,,,,,,
007,RUTW,LETE,29.76786,-93.16615,none,5/24/2020,,,,,,,,34,34,41,,N,,S,,,,,,,,,,,,,,,,,,"2E, 2d",,,,,,,failed,,,,,,,,,,,,,,,,,,,,,,,,,,,,,,,,,,,,,,,,,,,,,,,,,,,,,,,,,,,,,,,,,,,,,,,,,,,,,,,,,,,,,,,,,,,,,,,,,,,,,,,,,,,,,,,,,,,,,,,,,,,,,,,,,,,,,,,,,,,,,,,,,,,,,,,,,,,,,,,,,,,,,,,,,,,,,,,,,,,,,,,,,,,,,,,,,,,,
008,RUTW,LETE,29.76837,-93.1684,none,5/23/2020,,,,,,,,34,34,41,,N,,Ca,,,,,,,,,,,,,,,,,,"1E, 1d",,,,,,,failed,,,,,,,,,,,,,,,,,,,,,,,,,,,,,,,,,,,,,,,,,,,,,,,,,,,,,,,,,,,,,,,,,,,,,,,,,,,,,,,,,,,,,,,,,,,,,,,,,,,,,,,,,,,,,,,,,,,,,,,,,,,,,,,,,,,,,,,,,,,,,,,,,,,,,,,,,,,,,,,,,,,,,,,,,,,,,,,,,,,,,,,,,,,,,,,,,,,,
009,BROW,CONI,29.77294,-93.29574,none,,,,,,,,,47,47,47,,N,,U,,,,,,,,,,,,,,,,,,,,,,,,,,,,,,,1E washed?,,,,,,,,,,,,,,,,,,,,,,,,,,,,,,,,,,,,,,,,,,,,,,,,,,,,,,,,,,,,,,,,,,,,,,,,,,,,,,,,,,,,,,,,,,,,,,,,,,,,,,,,,,,,,,,,,,,,,,,,,,,,,,,,,,,,,,,,,,,,,,,,,,,,,,,,,,,,,,,,,,,,,,,,,,,,,,,,,,,,,,,,,,,,,,
200,RUTE,CONI,29.75887,-93.12322,symbolic,5/23/2020,N,,,"unk, yes ",,,,38,57,57,5/27 - 2 chicks,Y,N,H,H,5/27/2020,"BFTP21703278. changed SD card on 5/13, 5/18",,,,,,,,,,,,,,,,,,,"1E, 1d",,,BON,,2E,,2E,,,2E,,2E,,,2E,,2E,,"hatch day, 2C",,,,,,,,,,,,,,,,,,,,,,,,,,,,,,,,,,,,,,,,,,,,,,,,,,,,,,,,,,,,,,,,,,,,,,,,,,,,,,,,,,,,,,,,,,,,,,,,,,,,,,,,,,,,,,,,,,,,,,,,,,,,,,,,,,,,,,,,,,,,,,,,,,,,,,,,,,,,,,,,,,,,,,,,,,,,,,,,,,,,
201,RUTE,LETE,29.75883,-93.12302,symbolic,5/27/2020,N,,,,,,,38,58,58,Chicks hatched ~27 May. Egg shell fragments and poop in cup.,N,,H,,,,,,,,,,,,,,,,,,,,,,"1E, 1d",,,BON,,2E,,2E,,,2E,,2E,,,2E,,2E,,2E,hatch,,0E,,,,,,,,,,,,,,,,,,,,,,,,,,,,,,,,,,,,,,,,,,,,,,,,,,,,,,,,,,,,,,,,,,,,,,,,,,,,,,,,,,,,,,,,,,,,,,,,,,,,,,,,,,,,,,,,,,,,,,,,,,,,,,,,,,,,,,,,,,,,,,,,,,,,,,,,,,,,,,,,,,,,,,,,,,,,,,,,,
202,RUTE,LETE,29.75884,-93.12293,symbolic,5/25/2020,N,,,,,,,38,57,57,Chick in neset cup,N,,H,,,,,,,,,,,,,,,,,,,,,,"2E, 3d",,,BON,,2E,,2E,,,2E,,2E,,,2E,,2E,,"hatch day, 2C",,,,,,,,,,,,,,,,,,,,,,,,,,,,,,,,,,,,,,,,,,,,,,,,,,,,,,,,,,,,,,,,,,,,,,,,,,,,,,,,,,,,,,,,,,,,,,,,,,,,,,,,,,,,,,,,,,,,,,,,,,,,,,,,,,,,,,,,,,,,,,,,,,,,,,,,,,,,,,,,,,,,,,,,,,,,,,,,,,,,
203,RUTE,LETE,29.75877,-93.1228,symbolic,5/23/2020,N,,,,,,,38,55,55,"25 May- hatch day, 1 chick and 2nd egg hatching in progress. ",N,,H,,,,,,,,,,,,,,,,,,,,,,"2E, 5d",,,BON,,2E,,2E,,,2E,,2E,,,2E,,"hatch day, 1C, 1E",,,,,,,,,,,,,,,,,,,,,,,,,,,,,,,,,,,,,,,,,,,,,,,,,,,,,,,,,,,,,,,,,,,,,,,,,,,,,,,,,,,,,,,,,,,,,,,,,,,,,,,,,,,,,,,,,,,,,,,,,,,,,,,,,,,,,,,,,,,,,,,,,,,,,,,,,,,,,,,,,,,,,,,,,,,,,,,,,,,,,,
204,RUTE,LETE,29.75862,-93.12215,symbolic,5/24/2020,N,,,,,,,38,55,57,egg shell nearby indicating hatch. no chicks found,Y,?,H,H,5/26/2020,"B180301867 (Personal Cam).changed SD card on 5/13, 5/18; hard to tell what happened from the camera - estimated hatch date",,,,,,,,,,,,,,,,,,,"2E, 4d",,,BON,,2E,,2E,,,2E,,2E,,,2E,,2E,,Hatched,,,,,,,,,,,,,,,,,,,,,,,,,,,,,,,,,,,,,,,,,,,,,,,,,,,,,,,,,,,,,,,,,,,,,,,,,,,,,,,,,,,,,,,,,,,,,,,,,,,,,,,,,,,,,,,,,,,,,,,,,,,,,,,,,,,,,,,,,,,,,,,,,,,,,,,,,,,,,,,,,,,,,,,,,,,,,,,,,,,,
205,RUTE,LETE,29.75834,-93.12122,symbolic,5/25/2020,N,,,,,,,38,57,57,"Two chicks in cup 27 May, 3rd chick in cup 28 May",N,,H,,,,,,,,,,,,,,,,,,,,,,"3E, 3d",,,BON,,3E,,3E,,,3E,,3E,,,3E,,3E,,"2C, 1E",1C,,,,,,,,,,,,,,,,,,,,,,,,,,,,,,,,,,,,,,,,,,,,,,,,,,,,,,,,,,,,,,,,,,,,,,,,,,,,,,,,,,,,,,,,,,,,,,,,,,,,,,,,,,,,,,,,,,,,,,,,,,,,,,,,,,,,,,,,,,,,,,,,,,,,,,,,,,,,,,,,,,,,,,,,,,,,,,,,,,,
206,RUTE,LETE,29.7584,-93.12087,symbolic,5/26/2020,N,,,,,,,38,55,55,"chick behavior, parents squawking. adults seen in veg brooding chick. Signs point to hatch.",N,,H,,,,,,,,,,,,,,,,,,,,,,"2E, 2d",,,BON,,1E,,1E,,,1E,,1E,,,1E,,"empty, hatch",,,,,,,,,,,,,,,,,,,,,,,,,,,,,,,,,,,,,,,,,,,,,,,,,,,,,,,,,,,,,,,,,,,,,,,,,,,,,,,,,,,,,,,,,,,,,,,,,,,,,,,,,,,,,,,,,,,,,,,,,,,,,,,,,,,,,,,,,,,,,,,,,,,,,,,,,,,,,,,,,,,,,,,,,,,,,,,,,,,,,,
207,RUTE,LETE,29.7584,-93.12078,none,5/27/2020,N,,,,,,,38,41,43,"no sign of predation. ants in darkened circle believed to be the old nest cup. popsicle stick fell over. possible fail due to vehicle, but no fresh tracks present but nest is located close to road. ",N,,F,,,,,,,,,,,,,,,,,,,,,,"1E, 1d",,,BON,,"0E, failed",,,,,,,,,,,,,,,,,,,,,,,,,,,,,,,,,,,,,,,,,,,,,,,,,,,,,,,,,,,,,,,,,,,,,,,,,,,,,,,,,,,,,,,,,,,,,,,,,,,,,,,,,,,,,,,,,,,,,,,,,,,,,,,,,,,,,,,,,,,,,,,,,,,,,,,,,,,,,,,,,,,,,,,,,,,,,,,,,,,,,,,,,,,,,,,,,,
208,BROW,CONI,29.77211,-93.299,none,5/25/2020,,,,,,,,39,39,45,"no sign of predation, possibly vehicle, several tire tracks directly through where nest was, stick was crushed and burried along with nest area. No evidence of eggshells or nest",N,,F,,,,,,,,,,,,,,,,,,,,,,,"1E, 1d",,,,,,"0E, failed",,,,,,,,,,,,,,,,,,,,,,,,,,,,,,,,,,,,,,,,,,,,,,,,,,,,,,,,,,,,,,,,,,,,,,,,,,,,,,,,,,,,,,,,,,,,,,,,,,,,,,,,,,,,,,,,,,,,,,,,,,,,,,,,,,,,,,,,,,,,,,,,,,,,,,,,,,,,,,,,,,,,,,,,,,,,,,,,,,,,,,,,,,,,,,,,
209,RUTW,LETE,29.76727,-93.16257,none,5/26/2020,,,,,,,,41,43,45,"Area was void of stick or nest cup, no sign of eggs or shells. Cattle tracks through area, but they looked old",N,,W,,,,,,,,,,,,,,,,,,,,,,,,,"2E, 4d",,2E,,"0E, failed",,,,,,,,,,,,,,,,,,,,,,,,,,,,,,,,,,,,,,,,,,,,,,,,,,,,,,,,,,,,,,,,,,,,,,,,,,,,,,,,,,,,,,,,,,,,,,,,,,,,,,,,,,,,,,,,,,,,,,,,,,,,,,,,,,,,,,,,,,,,,,,,,,,,,,,,,,,,,,,,,,,,,,,,,,,,,,,,,,,,,,,,,,,,,,,,
210,RUTW,LETE,29.76727,-93.1626,none,5/29/2020,,,,,,,,41,43,45,"No sign of nest cup or eggs, stick was found washed out 1-2 feet away",N,,W,,,,,,,,,,,,,,,,,,,,,,,,,"1E, 1d",,2E,,"0E, failed",,,,,,,,,,,,,,,,,,,,,,,,,,,,,,,,,,,,,,,,,,,,,,,,,,,,,,,,,,,,,,,,,,,,,,,,,,,,,,,,,,,,,,,,,,,,,,,,,,,,,,,,,,,,,,,,,,,,,,,,,,,,,,,,,,,,,,,,,,,,,,,,,,,,,,,,,,,,,,,,,,,,,,,,,,,,,,,,,,,,,,,,,,,,,,,,
211,RUTW,LETE,29.76726,-93.16264,none,5/28/2020,,,,,,,,41,45,48,Replaced stick that was missing on 15 May. Cattle trampled through cup area,N,,Ca,,,,,,,,,,,,,,,,,,,,,,,,,"3E, 2d",,,,3E,,,"0E, failed",,,,,,,,,,,,,,,,,,,,,,,,,,,,,,,,,,,,,,,,,,,,,,,,,,,,,,,,,,,,,,,,,,,,,,,,,,,,,,,,,,,,,,,,,,,,,,,,,,,,,,,,,,,,,,,,,,,,,,,,,,,,,,,,,,,,,,,,,,,,,,,,,,,,,,,,,,,,,,,,,,,,,,,,,,,,,,,,,,,,,,,,,,,,,
212,RUTW,LETE,29.7674,-93.16321,none,5/29/2020,,,,,,,,41,45,48,Cattle trampled through cup area,N,,Ca,,,,,,,,,,,,,,,,,,,,,,,,,"1E, 1d",,,,2E,,,"0E, failed",,,,,,,,,,,,,,,,,,,,,,,,,,,,,,,,,,,,,,,,,,,,,,,,,,,,,,,,,,,,,,,,,,,,,,,,,,,,,,,,,,,,,,,,,,,,,,,,,,,,,,,,,,,,,,,,,,,,,,,,,,,,,,,,,,,,,,,,,,,,,,,,,,,,,,,,,,,,,,,,,,,,,,,,,,,,,,,,,,,,,,,,,,,,,
213,RUTW,LETE,29.7676,-93.1645,none,5/27/2020,,,,,,,Unk pred,41,45,48,Nest cup and stick undisturbed. Cattle tracks in area destroyed possible tracks,N,,D,,,,,,,,,,,,,,,,,,,,,,,,,"3E, 3d",,,,3E,,,"0E, failed",,,,,,,,,,,,,,,,,,,,,,,,,,,,,,,,,,,,,,,,,,,,,,,,,,,,,,,,,,,,,,,,,,,,,,,,,,,,,,,,,,,,,,,,,,,,,,,,,,,,,,,,,,,,,,,,,,,,,,,,,,,,,,,,,,,,,,,,,,,,,,,,,,,,,,,,,,,,,,,,,,,,,,,,,,,,,,,,,,,,,,,,,,,,,
214,RUTW,LETE,29.76786,-93.16589,none,5/23/2020,,,,,,,,41,41,45,"No sign of eggs or cup, stick place in proximate location of cup. Storm on 14 May possibly washed out nest",N,,W,,,,,,,,,,,,,,,,,,,,,,,,,"2E, 7d",,,,"0E, failed",,,,,,,,,,,,,,,,,,,,,,,,,,,,,,,,,,,,,,,,,,,,,,,,,,,,,,,,,,,,,,,,,,,,,,,,,,,,,,,,,,,,,,,,,,,,,,,,,,,,,,,,,,,,,,,,,,,,,,,,,,,,,,,,,,,,,,,,,,,,,,,,,,,,,,,,,,,,,,,,,,,,,,,,,,,,,,,,,,,,,,,,,,,,,,,,
215,RUTW,LETE,29.76802,-93.16669,none,5/25/2020,,,,,,,,41,41,43,evidence of cow tracks going through. couldn't find the nest stick,N,,Ca,,,,,,,,,,,,,,,,,,,,,,,,,"3E, 5d",,failed,,,,,,,,,,,,,,,,,,,,,,,,,,,,,,,,,,,,,,,,,,,,,,,,,,,,,,,,,,,,,,,,,,,,,,,,,,,,,,,,,,,,,,,,,,,,,,,,,,,,,,,,,,,,,,,,,,,,,,,,,,,,,,,,,,,,,,,,,,,,,,,,,,,,,,,,,,,,,,,,,,,,,,,,,,,,,,,,,,,,,,,,,,,,,,,,,,
216,RUTW,LETE,29.76821,-93.16761,none,5/26/2020,,,,,,,,41,45,48,"No way to tell where nest cup was, sand around area smooth",N,,W,,,,,,,,,,,,,,,,,,,,,,,,,"2E, 4d",,,,2E,,,"0E, failed",,,,,,,,,,,,,,,,,,,,,,,,,,,,,,,,,,,,,,,,,,,,,,,,,,,,,,,,,,,,,,,,,,,,,,,,,,,,,,,,,,,,,,,,,,,,,,,,,,,,,,,,,,,,,,,,,,,,,,,,,,,,,,,,,,,,,,,,,,,,,,,,,,,,,,,,,,,,,,,,,,,,,,,,,,,,,,,,,,,,,,,,,,,,,
217,RUTW,LETE,29.76833,-93.16808,none,5/29/2020,,,,,,,Ghost Crab,41,45,48,Egg residue in cup forming hard bottom after it dried. egg shells 2 feet away at ghost crab hole,N,,D,,,,,,,,,,,,,,,,,,,,,,,,,"2E, 1d",,,,BON,,,"0E, failed",,,,,,,,,,,,,,,,,,,,,,,,,,,,,,,,,,,,,,,,,,,,,,,,,,,,,,,,,,,,,,,,,,,,,,,,,,,,,,,,,,,,,,,,,,,,,,,,,,,,,,,,,,,,,,,,,,,,,,,,,,,,,,,,,,,,,,,,,,,,,,,,,,,,,,,,,,,,,,,,,,,,,,,,,,,,,,,,,,,,,,,,,,,,,
218,RUTW,LETE,29.76847,-93.16855,none,5/23/2020,Y,10%,15%,,,,,41,55,57,"egg in cup failed, second egg likely hatched between 25 and 27 May",Y,N,U-H,H,5/26/2020,"SN 1806271416, set 18 May, kicked over by cattle so fate of nest was not able to be determine by photo. ",,,,,,,,,,,,,,,,,,,,,,"3E, 7d",,,,3E,,,3E,,BON,,,BON,,BON,,1E failed,,,,,,,,,,,,,,,,,,,,,,,,,,,,,,,,,,,,,,,,,,,,,,,,,,,,,,,,,,,,,,,,,,,,,,,,,,,,,,,,,,,,,,,,,,,,,,,,,,,,,,,,,,,,,,,,,,,,,,,,,,,,,,,,,,,,,,,,,,,,,,,,,,,,,,,,,,,,,,,,,,,,,,,,,,,,,,,,,,,,
219,RUTW,LETE,29.76856,-93.16946,none,5/25/2020,,,,,,,,41,50,53,Nest cup had cattle tracks nearby but no sign of damage to the cup or visible prints. No egg shells or residue left behind. Stick undisturbed,N,,F,,,,,,,,,,,,,,,,,,,,,,,,,"2E, 5d",,2E,,2E,,,1E,,BON,,,0E failed,,,,,,,,,,,,,,,,,,,,,,,,,,,,,,,,,,,,,,,,,,,,,,,,,,,,,,,,,,,,,,,,,,,,,,,,,,,,,,,,,,,,,,,,,,,,,,,,,,,,,,,,,,,,,,,,,,,,,,,,,,,,,,,,,,,,,,,,,,,,,,,,,,,,,,,,,,,,,,,,,,,,,,,,,,,,,,,,,,,,,,,,
220,RUTW,LETE,29.77005,-93.17725,none,5/28/2020,,,,,,,unk,41,55,57,"Bird flushed from nest, one egg had small hole in side perhaps from avian predator",N,,F,,,,,,,,,,,,,,,,,,,,,,,,,"2E, 2d",,,,BON,,,"1E, 1 failed E",,BON,,,BON,,BON,,0E,,,,,,,,,,,,,,,,,,,,,,,,,,,,,,,,,,,,,,,,,,,,,,,,,,,,,,,,,,,,,,,,,,,,,,,,,,,,,,,,,,,,,,,,,,,,,,,,,,,,,,,,,,,,,,,,,,,,,,,,,,,,,,,,,,,,,,,,,,,,,,,,,,,,,,,,,,,,,,,,,,,,,,,,,,,,,,,,,,,,
221,RUTW,LETE,29.77026,-93.17843,none,5/26/2020,,,,,,,,41,57,57,"6/1 - 0E, check cam",Y,N,U,NA,NA,"SN 1807040634, set 18 May, cam failed to take pictures",,,,,,,,,,,,,,,,,,,,,,"2E,4d",,,,BON,,,2E,,BON,,,2E,,BON,,2E,,,,,0E check cam,,,0E,,,,,,,,,,,,,,,,,,,,,,,,,,,,,,,,,,,,,,,,,,,,,,,,,,,,,,,,,,,,,,,,,,,,,,,,,,,,,,,,,,,,,,,,,,,,,,,,,,,,,,,,,,,,,,,,,,,,,,,,,,,,,,,,,,,,,,,,,,,,,,,,,,,,,,,,,,,,,,,,,,,,,,,,,,,,
222,HBRB,LETE,29.76514,-93.37398,none,5/26/2020,,0%,0%,,,,coyote,42,42,47,coyote track lead directly up to nest,N,,D,,,,,,,,,,,,,,,,,,,,,,,,,,"3E, 5d",,,,,"0E, failed",,,,,,,,,,,,,,,,,,,,,,,,,,,,,,,,,,,,,,,,,,,,,,,,,,,,,,,,,,,,,,,,,,,,,,,,,,,,,,,,,,,,,,,,,,,,,,,,,,,,,,,,,,,,,,,,,,,,,,,,,,,,,,,,,,,,,,,,,,,,,,,,,,,,,,,,,,,,,,,,,,,,,,,,,,,,,,,,,,,,,,,,,,,,,,
223,HBRB,LETE,29.76512,-93.37592,none,5/27/2020,,0%,0%,,,,Unk pred,42,42,47,"eggshell in cup, no prints noticable next to nest cup, possibly avian predator",N,,D,,,,,,,,,,,,,,,,,,,,,,,,,,"2E, 4d",,,,,"0E, failed",,,,,,,,,,,,,,,,,,,,,,,,,,,,,,,,,,,,,,,,,,,,,,,,,,,,,,,,,,,,,,,,,,,,,,,,,,,,,,,,,,,,,,,,,,,,,,,,,,,,,,,,,,,,,,,,,,,,,,,,,,,,,,,,,,,,,,,,,,,,,,,,,,,,,,,,,,,,,,,,,,,,,,,,,,,,,,,,,,,,,,,,,,,,,,
224,HBRB,LETE,29.76512,-93.37569,none,5/30/2020,Y,0%,0%,,,,unk pred,42,42,47,,N,,D,,,,,,,,,,,,,,,,,,,,,,,,,,"1E, 1d",,,,,"0E, failed",,,,,,,,,,,,,,,,,,,,,,,,,,,,,,,,,,,,,,,,,,,,,,,,,,,,,,,,,,,,,,,,,,,,,,,,,,,,,,,,,,,,,,,,,,,,,,,,,,,,,,,,,,,,,,,,,,,,,,,,,,,,,,,,,,,,,,,,,,,,,,,,,,,,,,,,,,,,,,,,,,,,,,,,,,,,,,,,,,,,,,,,,,,,,,
225,HBRB,LETE,29.76509,-93.37543,none,5/30/2020,Y,0%,0%,,,,coyote,42,42,47,nest cup dug at,N,,D,,,,,,,,,,,,,,,,,,,,,,,,,,"1E, 1d",,,,,"0E, failed",,,,,,,,,,,,,,,,,,,,,,,,,,,,,,,,,,,,,,,,,,,,,,,,,,,,,,,,,,,,,,,,,,,,,,,,,,,,,,,,,,,,,,,,,,,,,,,,,,,,,,,,,,,,,,,,,,,,,,,,,,,,,,,,,,,,,,,,,,,,,,,,,,,,,,,,,,,,,,,,,,,,,,,,,,,,,,,,,,,,,,,,,,,,,,
226,HBRB,LETE,29.76513,-93.3753,none,5/29/2020,Y,0%,0%,,,,coyote,42,42,47,nest cup dug at,N,,D,,,,,,,,,,,,,,,,,,,,,,,,,,"2E, 2d",,,,,"0E, failed",,,,,,,,,,,,,,,,,,,,,,,,,,,,,,,,,,,,,,,,,,,,,,,,,,,,,,,,,,,,,,,,,,,,,,,,,,,,,,,,,,,,,,,,,,,,,,,,,,,,,,,,,,,,,,,,,,,,,,,,,,,,,,,,,,,,,,,,,,,,,,,,,,,,,,,,,,,,,,,,,,,,,,,,,,,,,,,,,,,,,,,,,,,,,,
227,HBRB,LETE,29.76498,-93.3748,none,5/28/2020,Y,0%,0%,,,,coyote,42,42,47,,N,,D,,,,,,,,,,,,,,,,,,,,,,,,,,"2E, 3d",,,,,"0E, failed",,,,,,,,,,,,,,,,,,,,,,,,,,,,,,,,,,,,,,,,,,,,,,,,,,,,,,,,,,,,,,,,,,,,,,,,,,,,,,,,,,,,,,,,,,,,,,,,,,,,,,,,,,,,,,,,,,,,,,,,,,,,,,,,,,,,,,,,,,,,,,,,,,,,,,,,,,,,,,,,,,,,,,,,,,,,,,,,,,,,,,,,,,,,,,
228,HBRB,LETE,29.76511,-93.37412,none,5/28/2020,Y,0%,0%,,,,coyote,42,42,47,,N,,D,,,,,,,,,,,,,,,,,,,,,,,,,,"2E, 3d",,,,,"0E, failed",,,,,,,,,,,,,,,,,,,,,,,,,,,,,,,,,,,,,,,,,,,,,,,,,,,,,,,,,,,,,,,,,,,,,,,,,,,,,,,,,,,,,,,,,,,,,,,,,,,,,,,,,,,,,,,,,,,,,,,,,,,,,,,,,,,,,,,,,,,,,,,,,,,,,,,,,,,,,,,,,,,,,,,,,,,,,,,,,,,,,,,,,,,,,,
229,HBRB,CONI,29.7649,-93.37201,none,5/26/2020,Y,5%,10%,,,,coyote,42,49,53,Nests destroyed by coyotes. Eggshells found nearby broken almost in half,N,,D,,,,,,,,,,,,,,,,,,,,,,,,,,"2E, 2d",,,,,BON,,BON,,,,0E failed,,,,,,,,,,,,,,,,,,,,,,,,,,,,,,,,,,,,,,,,,,,,,,,,,,,,,,,,,,,,,,,,,,,,,,,,,,,,,,,,,,,,,,,,,,,,,,,,,,,,,,,,,,,,,,,,,,,,,,,,,,,,,,,,,,,,,,,,,,,,,,,,,,,,,,,,,,,,,,,,,,,,,,,,,,,,,,,,,,,,,,,,
230,RUTE,WIPL,29.7585,-93.12148,none,5/15/2020,Y,30%,30%,"no, no",Yes,,,43,45,45,"1 egg floated at 23. didn't float the other two bc there was fractures. adults present broken winging. two chicks banded at hatch, one chick hatched post banding.",N,,H,,,,,,,,,,,,,,,,,,,,,,,,,,,"3E, 23d",,"1E, 2C",,,,,,,,,,,,,,,,,,,,,,,,,,,,,,,,,,,,,,,,,,,,,,,,,,,,,,,,,,,,,,,,,,,,,,,,,,,,,,,,,,,,,,,,,,,,,,,,,,,,,,,,,,,,,,,,,,,,,,,,,,,,,,,,,,,,,,,,,,,,,,,,,,,,,,,,,,,,,,,,,,,,,,,,,,,,,,,,,,,,,,,,,,,,,,,,
231,RUTW,CONI,29.76418,-93.14487,none,5/22/2020,Y,50%,50%,,,,,43,57,58,"1 egg hatch, egg shell near nest but no chick, second egg failed and cold in cup",N,,H,,,,,,,,,,,,,,,,,,,,,,,,,,,"2E, 2 eggs vertical at the bottom",,BON,,,BON,,BON,,,2E,,2E,,2E,1E,,,,,,,,,,,,,,,,,,,,,,,,,,,,,,,,,,,,,,,,,,,,,,,,,,,,,,,,,,,,,,,,,,,,,,,,,,,,,,,,,,,,,,,,,,,,,,,,,,,,,,,,,,,,,,,,,,,,,,,,,,,,,,,,,,,,,,,,,,,,,,,,,,,,,,,,,,,,,,,,,,,,,,,,,,,,,,,,,,,
232,RUTW,WIPL,29.76743,-93.16324,none,5/22/2020,Y,10%,10%,"no, no",,,,45,48,50,1 egg floated at 20-21 days,N,,Ca,,,,,,,,,,,,,,,,,,,,,,,,,,,,,"1E, 20d",,,1E,,0E failed,,,,,,,,,,,,,,,,,,,,,,,,,,,,,,,,,,,,,,,,,,,,,,,,,,,,,,,,,,,,,,,,,,,,,,,,,,,,,,,,,,,,,,,,,,,,,,,,,,,,,,,,,,,,,,,,,,,,,,,,,,,,,,,,,,,,,,,,,,,,,,,,,,,,,,,,,,,,,,,,,,,,,,,,,,,,,,,,,,,,,,,,,,,
233,RUTW,LETE,29.76543,-93.15392,none,6/2/2020,Y,5%,5%,,,,,48,53,55,,N,,F,,,,,,,,,,,,,,,,,,,,,,,,,,,,,,,,"2E, 4d",,2E,,,2E,,failed,,,,,,,,,,,,,,,,,,,,,,,,,,,,,,,,,,,,,,,,,,,,,,,,,,,,,,,,,,,,,,,,,,,,,,,,,,,,,,,,,,,,,,,,,,,,,,,,,,,,,,,,,,,,,,,,,,,,,,,,,,,,,,,,,,,,,,,,,,,,,,,,,,,,,,,,,,,,,,,,,,,,,,,,,,,,,,,,,,,,,,
234,RUTW,LETE,29.76543,-93.15398,none,6/2/2020,Y,5%,5%,,,,,48,55,57,,N,,W,,,,,,,,,,,,,,,,,,,,,,,,,,,,,,,,"2E, 4d",,2E,,,2E,,2E,,"0E, failed",,,,,,,,,,,,,,,,,,,,,,,,,,,,,,,,,,,,,,,,,,,,,,,,,,,,,,,,,,,,,,,,,,,,,,,,,,,,,,,,,,,,,,,,,,,,,,,,,,,,,,,,,,,,,,,,,,,,,,,,,,,,,,,,,,,,,,,,,,,,,,,,,,,,,,,,,,,,,,,,,,,,,,,,,,,,,,,,,,,,
235,RUTW,LETE,29.76543,-93.15402,none,6/2/2020,Y,5%,5%,,,,,48,55,57,,N,,W,,,,,,,,,,,,,,,,,,,,,,,,,,,,,,,,"2E, 4d",,2E,,,2E,,2E,,"0E, failed",,,,,,,,,,,,,,,,,,,,,,,,,,,,,,,,,,,,,,,,,,,,,,,,,,,,,,,,,,,,,,,,,,,,,,,,,,,,,,,,,,,,,,,,,,,,,,,,,,,,,,,,,,,,,,,,,,,,,,,,,,,,,,,,,,,,,,,,,,,,,,,,,,,,,,,,,,,,,,,,,,,,,,,,,,,,,,,,,,,,
236,RUTW,LETE,29.76872,-93.16984,none,6/2/2020,Y,5%,20%,,,,,48,57,57,6/1 - could not find nest or stick. one pair in area at a different nest (303). watched from afar and no other birds came to the area,N,,U,,,,,,,,,,,,,,,,,,,,,,,,,,,,,,,,"2E, 4d",,BON,,,2E,,not checked,,2E,,,,,could not find,,,,,,,,,,,,,,,,,,,,,,,,,,,,,,,,,,,,,,,,,,,,,,,,,,,,,,,,,,,,,,,,,,,,,,,,,,,,,,,,,,,,,,,,,,,,,,,,,,,,,,,,,,,,,,,,,,,,,,,,,,,,,,,,,,,,,,,,,,,,,,,,,,,,,,,,,,,,,,,,,,,,,,,,,,,,,,,
237,RUTW,LETE,29.77026,-93.17829,none,6/2/2020,Y,25%,25%,,,,,48,57,62,"6/1 - looked for egg shell or other signs of fate, tire tracks nearby might be old?",N,,U,,,,,,,,,,,,,,,,,,,,,,,,,,,,,,,,"2E, 4d",,BON,,,2E,,not checked,,2E,,,,,0E,,,,,,,,,,,,,,,,,,,,,,,,,,,,,,,,,,,,,,,,,,,,,,,,,,,,,,,,,,,,,,,,,,,,,,,,,,,,,,,,,,,,,,,,,,,,,,,,,,,,,,,,,,,,,,,,,,,,,,,,,,,,,,,,,,,,,,,,,,,,,,,,,,,,,,,,,,,,,,,,,,,,,,,,,,,,,,,
238,RUTW,LETE,29.77032,-93.17874,none,5/26/2020,Y,30%,30%,,,,,48,57,62,"6/1 - could not find nest or stick, placed camera in area just in case. some birds in area diving at me",A,N,U,NA,NA,A = cam placed after nest wasn't there,,,,,,,,,,,,,,,,,,,,,,,,,,,,,"2E, 11d",,BON,,,2E,,not checked,,2E,,,,,"could not find, placed cam in area",,,,,,,,,,,,,,,,,,,,,,,,,,,,,,,,,,,,,,,,,,,,,,,,,,,,,,,,,,,,,,,,,,,,,,,,,,,,,,,,,,,,,,,,,,,,,,,,,,,,,,,,,,,,,,,,,,,,,,,,,,,,,,,,,,,,,,,,,,,,,,,,,,,,,,,,,,,,,,,,,,,,,,,,,,,,,,,
239,RUTE,KILL,29.75796,-93.11939,none,5/25/2020,Y,60%,60%,,,,,50,58,58,Nest marked as WIPL but was actually KILL,N,,H,,,,,,,,,,,,,,,,,,,,,,,,,,,,,,,,,,"1E, 23d",,,1E,,1E,,,"1C, hatch",,,,,,,,,,,,,,,,,,,,,,,,,,,,,,,,,,,,,,,,,,,,,,,,,,,,,,,,,,,,,,,,,,,,,,,,,,,,,,,,,,,,,,,,,,,,,,,,,,,,,,,,,,,,,,,,,,,,,,,,,,,,,,,,,,,,,,,,,,,,,,,,,,,,,,,,,,,,,,,,,,,,,,,,,,,,,,,,,,,
240,RUTE,CONI,29.75779,-93.11858,none,5/24/2020,Y,50%,50%,unk,,,,50,58,58,5/28 - 2 chicks,Y,N,H,H,5/28/2020,,,,,,,,,,,,,,,,,,,,,,,,,,,,,,,,"2E, 12d",,,2E,,2E,,2E,"2C, hatch",,,,,,,,,,,,,,,,,,,,,,,,,,,,,,,,,,,,,,,,,,,,,,,,,,,,,,,,,,,,,,,,,,,,,,,,,,,,,,,,,,,,,,,,,,,,,,,,,,,,,,,,,,,,,,,,,,,,,,,,,,,,,,,,,,,,,,,,,,,,,,,,,,,,,,,,,,,,,,,,,,,,,,,,,,,,,,,,,,,
241,RUTW,LETE,29.76202,-93.1377,none,,N,,,,,,,55,61,65,,N,,Ca,,,,,,,,,,,,,,,,,,,,,,,,,,,,,,,,,,,,,,,2E,,BON,BON,,,2E,,,,"0E, failed",,,,,,,,,,,,,,,,,,,,,,,,,,,,,,,,,,,,,,,,,,,,,,,,,,,,,,,,,,,,,,,,,,,,,,,,,,,,,,,,,,,,,,,,,,,,,,,,,,,,,,,,,,,,,,,,,,,,,,,,,,,,,,,,,,,,,,,,,,,,,,,,,,,,,,,,,,,,,,,,,,,,,,,,,,,,
242,RUTE,WIPL,29.75889,-93.12304,symbolic,5/27/2020,Y,20,20,,,,,55,57,57,"first chick hatched on 27 MAy, banded in cup, other two chicks hatched theat evening or early the next morning and were all gone on the 28th",N,,H,,,,,,,,,,,,,,,,,,,,,,,,,,,,,,,,,,,,,,,"3E, float high at surf",,"2E, 1C",,,,,,,,,,,,,,,,,,,,,,,,,,,,,,,,,,,,,,,,,,,,,,,,,,,,,,,,,,,,,,,,,,,,,,,,,,,,,,,,,,,,,,,,,,,,,,,,,,,,,,,,,,,,,,,,,,,,,,,,,,,,,,,,,,,,,,,,,,,,,,,,,,,,,,,,,,,,,,,,,,,,,,,,,,,,,,,,,,,,
243,RUTE,LETE,29.75886,-93.12302,symbolic,6/6/2020,Y,20,20,,,,,55,66,68,Egg shell near nest indicating hatch,,,H,,,,,,,,,,,,,,,,,,,,,,,,,,,,,,,,,,,,,,,3E,,3E,3E,,,3E,,,,,3E,,"0E, hatched",,,,,,,,,,,,,,,,,,,,,,,,,,,,,,,,,,,,,,,,,,,,,,,,,,,,,,,,,,,,,,,,,,,,,,,,,,,,,,,,,,,,,,,,,,,,,,,,,,,,,,,,,,,,,,,,,,,,,,,,,,,,,,,,,,,,,,,,,,,,,,,,,,,,,,,,,,,,,,,,,,,,,,,,,
244,RUTE,LETE,29.75732,-93.11537,barbed wire,6/6/2020,Y,30,30,,,,,55,55,58,,N,,Ca,,,,,,,,,,,,,,,,,,,,,,,,,,,,,,,,,,,,,,,"2E, 7d, 4d",,,"0E, failed",,,,,,,,,,,,,,,,,,,,,,,,,,,,,,,,,,,,,,,,,,,,,,,,,,,,,,,,,,,,,,,,,,,,,,,,,,,,,,,,,,,,,,,,,,,,,,,,,,,,,,,,,,,,,,,,,,,,,,,,,,,,,,,,,,,,,,,,,,,,,,,,,,,,,,,,,,,,,,,,,,,,,,,,,,,,,,,,,,,
245,RUTE,LETE,29.75735,-93.11519,barbed wire,6/3/2020,Y,30,30,,,,,55,55,58,,N,,Ca,,,,,,,,,,,,,,,,,,,,,,,,,,,,,,,,,,,,,,,"3E, 10d, 10d, 7d",,,"0E, failed",,,,,,,,,,,,,,,,,,,,,,,,,,,,,,,,,,,,,,,,,,,,,,,,,,,,,,,,,,,,,,,,,,,,,,,,,,,,,,,,,,,,,,,,,,,,,,,,,,,,,,,,,,,,,,,,,,,,,,,,,,,,,,,,,,,,,,,,,,,,,,,,,,,,,,,,,,,,,,,,,,,,,,,,,,,,,,,,,,,
246,RUTE,LETE,29.75726,-93.11508,barbed wire,6/6/2020,Y,30,30,,,,,55,55,58,,N,,Ca,,,,,,,,,,,,,,,,,,,,,,,,,,,,,,,,,,,,,,,"3E, 4d",,,"0E, failed",,,,,,,,,,,,,,,,,,,,,,,,,,,,,,,,,,,,,,,,,,,,,,,,,,,,,,,,,,,,,,,,,,,,,,,,,,,,,,,,,,,,,,,,,,,,,,,,,,,,,,,,,,,,,,,,,,,,,,,,,,,,,,,,,,,,,,,,,,,,,,,,,,,,,,,,,,,,,,,,,,,,,,,,,,,,,,,,,,,
247,RUTE,LETE,29.75699,-93.11359,barbed wire,,Y,50,50,,,,,55,58,61,25 May- camera on nest,Y,N,A,NA,NA,CAmera knocked over by cattle,,,,,,,,,,,,,,,,,,,,,,,,,,,,,,,,,,,,1E,,,1E,,,"1E, abandoned",,,,,,,,,,,,,,,,,,,,,,,,,,,,,,,,,,,,,,,,,,,,,,,,,,,,,,,,,,,,,,,,,,,,,,,,,,,,,,,,,,,,,,,,,,,,,,,,,,,,,,,,,,,,,,,,,,,,,,,,,,,,,,,,,,,,,,,,,,,,,,,,,,,,,,,,,,,,,,,,,,,,,,,,,,,,,,,,
248,RUTW,LETE,29.76405,-93.14787,signs,6/14/2020,Y,0,0,,,,,57,61,65,,N,,S,,,,,,,,,,,,,,,,,,,,,,,,,,,,,,,,,,,,,,,,,"1E, 1d",,,,1E,,,,"0E, failed",,,,,,,,,,,,,,,,,,,,,,,,,,,,,,,,,,,,,,,,,,,,,,,,,,,,,,,,,,,,,,,,,,,,,,,,,,,,,,,,,,,,,,,,,,,,,,,,,,,,,,,,,,,,,,,,,,,,,,,,,,,,,,,,,,,,,,,,,,,,,,,,,,,,,,,,,,,,,,,,,,,,,,,,,,,,
249,RUTW,LETE,29.76431,-93.148,symbolic,6/8/2020,Y,10,20,,,,,57,74,74,"2 Chicks near cup on 13 Jun, Camera revealed hatch to be 12 June",Y,N,H,H,6/12/2020,12 Jun hatch day,,,,,,,,,,,,,,,,,,,,,,,,,,,,,,,,,,,,,,"2E, 7d",,,,2E,,,,2E,2E,,2E,,2E,,,,2C,,,,,,,,,,,,,,,,,,,,,,,,,,,,,,,,,,,,,,,,,,,,,,,,,,,,,,,,,,,,,,,,,,,,,,,,,,,,,,,,,,,,,,,,,,,,,,,,,,,,,,,,,,,,,,,,,,,,,,,,,,,,,,,,,,,,,,,,,,,,,,,,,,,,,,,,,,,,,,,,,,,
250,RUTW,LETE,29.76998,-93.17686,none,6/14/2020,Y,40,50,,,,,57,74,78,"Appears to have hatched, poop in cup",Y,,H,H,6/16/2020,where are these photos?,,,,,,,,,,,,,,,,,,,,,,,,,,,,,,,,,,,,,,"1E, 1d",,,,,2E,,,,2E,,,,2E,,,,2E,,,,0E,,,,,,,,,,,,,,,,,,,,,,,,,,,,,,,,,,,,,,,,,,,,,,,,,,,,,,,,,,,,,,,,,,,,,,,,,,,,,,,,,,,,,,,,,,,,,,,,,,,,,,,,,,,,,,,,,,,,,,,,,,,,,,,,,,,,,,,,,,,,,,,,,,,,,,,,,,,,,,,
251,RUTE,LETE,29.75889,-93.12251,barbed wire,6/17/2020,Y,10,20,,,,,61,83,83,why is field fate H? CAmera on nest,Y,Y,U-H,H,6/20/2020,,,,,,,,,,,,,,,,,,,,,,,,,,,,,,,,,,,,,,,,,,,"2E, 2d",,,,,2E,,2E,,,2E,,,2E,,,,,2E,,,hatch,0E,,,,,,,,,,,,,,,,,,,,,,,,,,,,,,,,,,,,,,,,,,,,,,,,,,,,,,,,,,,,,,,,,,,,,,,,,,,,,,,,,,,,,,,,,,,,,,,,,,,,,,,,,,,,,,,,,,,,,,,,,,,,,,,,,,,,,,,,,,,,,,,,,,,,,,,,,,
252,RUTE,LETE,29.75875,-93.12241,barbed wire,6/12/2020,Y,20,20,,,,,61,71,74,"Poop in cup, evidence of hatch, parents exhibiting chick behavior",N,,H,,,,,,,,,,,,,,,,,,,,,,,,,,,,,,,,,,,,,,,,,,,,,"2E, 7d",,,,,2E,,2E,,,2E,,,"0E, hatch",,,,,,,,,,,,,,,,,,,,,,,,,,,,,,,,,,,,,,,,,,,,,,,,,,,,,,,,,,,,,,,,,,,,,,,,,,,,,,,,,,,,,,,,,,,,,,,,,,,,,,,,,,,,,,,,,,,,,,,,,,,,,,,,,,,,,,,,,,,,,,,,,,,,,,,,,,,,,,,,,,,
253,HBRB,LETE,29.76501,-93.37319,none,N/A,Y,0,0,,,,Unk pred,62,62,68,Camera on nest. did not float to avoid contact with eggs due to bad coyote predation in area,Y,N,D,NA,NA,"Camera knocked over, possibly by hogs",,,,,,,,,,,,,,,,,,,,,,,,,,,,,,,,,,,,,,,,,,,"2E, no float",,,,,,0E,,,,,,,,,,,,,,,,,,,,,,,,,,,,,,,,,,,,,,,,,,,,,,,,,,,,,,,,,,,,,,,,,,,,,,,,,,,,,,,,,,,,,,,,,,,,,,,,,,,,,,,,,,,,,,,,,,,,,,,,,,,,,,,,,,,,,,,,,,,,,,,,,,,,,,,,,,,,,,,,,,,,,,,,,
254,RUTW,LETE,29.76204,-93.13769,none,6/22/2020,N,,,,,,,65,70,74,"Ran over by Blue F150, parents still at nest site when found",N,,Hu,,,,,,,,,,,,,,,,,,,,,,,,,,,,,,,,,,,,,,,,,,,,,,,,,"1E, 1d",,,BON,,2E,,,,"0E, failed",,,,,,,,,,,,,,,,,,,,,,,,,,,,,,,,,,,,,,,,,,,,,,,,,,,,,,,,,,,,,,,,,,,,,,,,,,,,,,,,,,,,,,,,,,,,,,,,,,,,,,,,,,,,,,,,,,,,,,,,,,,,,,,,,,,,,,,,,,,,,,,,,,,,,,,,,,,,,,,,,,,
255,RUTW ,WIPL,29.76426,-93.14787,symbolic,6/30/2020,Y,75,75,,,,,65,90,90,"No chicks found, but parents exhibiting chick behavior and eggshells nearby",Y,,H,H,6/27/2020,where are these photos?,,,,,,,,,,,,,,,,,,,,,,,,,,,,,,,,,,,,,,,,,,,,,,"3E, 3d, 2d 2d",,,3E,,3E,,,,3E,,,,3E,,,,,3E,,3E,,,,"0E, hatch",,,,,,,,,,,,,,,,,,,,,,,,,,,,,,,,,,,,,,,,,,,,,,,,,,,,,,,,,,,,,,,,,,,,,,,,,,,,,,,,,,,,,,,,,,,,,,,,,,,,,,,,,,,,,,,,,,,,,,,,,,,,,,,,,,,,,,,,,,,,,,,,,,,,
256,RUTW,CONI,29.7638,-93.14429,none,6/13/2020,Y,80,80,,,,,57,74,74,why H? 6/15 - 1 chick? Seen in field?No stick or sign of birds as of 13 June,Y,N,U-H,H,6/12/2020,approx hatch date - see pics,,,,,,,,,,,,,,,,,,,,,,,,,,,,,,,,,,,,,,1E,,,,,,,,,,,,,,,,,"0E, ?",,"1C, ~3d old",,,,,,,,,,,,,,,,,,,,,,,,,,,,,,,,,,,,,,,,,,,,,,,,,,,,,,,,,,,,,,,,,,,,,,,,,,,,,,,,,,,,,,,,,,,,,,,,,,,,,,,,,,,,,,,,,,,,,,,,,,,,,,,,,,,,,,,,,,,,,,,,,,,,,,,,,,,,,,,,,
257,RUTW,CONI,29.76415,-93.14728,none,6/13/2020,Y,50,50,tag 119,,,,57,74,74,6/13 - 1 chick,Y,N,H,H,6/11/2020,,,,,,,,,,,,,,,,,,,,,,,,,,,,,,,,,,,,,,,1E,,,,,,,,,,,,,1E,,,,1C,,,,,,,,,,,,,,,,,,,,,,,,,,,,,,,,,,,,,,,,,,,,,,,,,,,,,,,,,,,,,,,,,,,,,,,,,,,,,,,,,,,,,,,,,,,,,,,,,,,,,,,,,,,,,,,,,,,,,,,,,,,,,,,,,,,,,,,,,,,,,,,,,,,,,,,,,,,,,,,,,,,
258,RUTW,CONI,29.76683,-93.15771,none,,Y,95,95,,,,,57,63,63,6/2 - 1 chick,Y,N,H,H,6/1/2020,,,,,,,,,,,,,,,,,,,,,,,,,,,,,,,,,,,,,,,2E,,,,,,"1C, ~3d old",,,,,,,,,,,,,,,,,,,,,,,,,,,,,,,,,,,,,,,,,,,,,,,,,,,,,,,,,,,,,,,,,,,,,,,,,,,,,,,,,,,,,,,,,,,,,,,,,,,,,,,,,,,,,,,,,,,,,,,,,,,,,,,,,,,,,,,,,,,,,,,,,,,,,,,,,,,,,,,,,,,,,,,,,,,,,,
259,RUTW,CONI,29.76703,-93.1594,none,,Y,95,80,,,,,57,57,57,"5/27 - 1 chick, 1 egg",Y,N,H,H,5/27/2020,,,,,,,,,,,,,,,,,,,,,,,,,,,,,,,,,,,,,,,"1E, 1C",,,,,,,,,,,,,,,,,,,,,,,,,,,,,,,,,,,,,,,,,,,,,,,,,,,,,,,,,,,,,,,,,,,,,,,,,,,,,,,,,,,,,,,,,,,,,,,,,,,,,,,,,,,,,,,,,,,,,,,,,,,,,,,,,,,,,,,,,,,,,,,,,,,,,,,,,,,,,,,,,,,,,,,,,,,,,,,,,,,,
260,RUTW,CONI,29.76074,-93.13132,none,6/13/2020,Y,60,60,,,,,57,71,74,why marked U-H? evidence?,Y,Y,U-H,A,6/12/2020,was the bird seen on the nest after day 57?,,,,,,,,,,,,,,,,,,,,,,,,,,,,,,,,,,,,,,2E,,,,,,,,,,,,,,2E,,,Hatch?,,,,,,,,,,,,,,,,,,,,,,,,,,,,,,,,,,,,,,,,,,,,,,,,,,,,,,,,,,,,,,,,,,,,,,,,,,,,,,,,,,,,,,,,,,,,,,,,,,,,,,,,,,,,,,,,,,,,,,,,,,,,,,,,,,,,,,,,,,,,,,,,,,,,,,,,,,,,,,,,,,,
261,RUTW,LETE,29.76578,-93.15538,none,6/22/2020,Y,10,10,,,,,65,90,90,"Stick and egg gone, possible egg shell in nest cup.",N,,H,,,,,,,,,,,,,,,,,,,,,,,,,,,,,,,,,,,,,,,,,,,,,,,,,"1E, 1d",,,,,1E,,,,1E,,,,1E,,,,,1E,,1E,,,,"0E, hatch",,,,,,,,,,,,,,,,,,,,,,,,,,,,,,,,,,,,,,,,,,,,,,,,,,,,,,,,,,,,,,,,,,,,,,,,,,,,,,,,,,,,,,,,,,,,,,,,,,,,,,,,,,,,,,,,,,,,,,,,,,,,,,,,,,,,,,,,,,,,,,,,,,,,
262,RUTE,LETE,29.75882,-93.12304,barbed wire,6/20/2020,N,20,30,,,,,66,83,83,,Y,N,H,NA,NA,Camera fell over,,,,,,,,,,,,,,,,,,,,,,,,,,,,,,,,,,,,,,,,,,,,,,,"2E, 4d",,2E,,,2E,,,2E,,,,,2E,,,,0E,,,,,,,,,,,,,,,,,,,,,,,,,,,,,,,,,,,,,,,,,,,,,,,,,,,,,,,,,,,,,,,,,,,,,,,,,,,,,,,,,,,,,,,,,,,,,,,,,,,,,,,,,,,,,,,,,,,,,,,,,,,,,,,,,,,,,,,,,,,,,,,,,,,,,,,,,,
263,RUTE,LETE,29.75842,-93.12095,barbed wire,6/20/2020,Y,10,20,,,,,66,83,83,"why H? what happened to my notes? Birds leave morning of 6/19? Unclear why, but J was there night of 6/18 and no sign of chicks on cam either",Y,Y,U-H,A,6/19/2020,why did Jonathon think this one hatched? I don't see it,,,,,,,,,,,,,,,,,,,,,,,,,,,,,,,,,,,,,,,,,,,,,,,"3E, 4d",,3E,,,3E,,,3E,,,,,1E,,,,0E,,,,,,,,,,,,,,,,,,,,,,,,,,,,,,,,,,,,,,,,,,,,,,,,,,,,,,,,,,,,,,,,,,,,,,,,,,,,,,,,,,,,,,,,,,,,,,,,,,,,,,,,,,,,,,,,,,,,,,,,,,,,,,,,,,,,,,,,,,,,,,,,,,,,,,,,,,
264,RUTE,LETE,29.7583,-93.12094,barbed wire,6/23/2020,Y,25,30,,,,,66,90,90,why H? field evidence?,Y,Y,U-H,H,6/27/2020,chick in photos on 6/28 - looks at least 2 days old,,,,,,,,,,,,,,,,,,,,,,,,,,,,,,,,,,,,,,,,,,,,,,,"1E, 1d",,,,,2E,,,2E,,,,,2E,,,,2E,,2E,,,,"0E, hatch",,,,,,,,,,,,,,,,,,,,,,,,,,,,,,,,,,,,,,,,,,,,,,,,,,,,,,,,,,,,,,,,,,,,,,,,,,,,,,,,,,,,,,,,,,,,,,,,,,,,,,,,,,,,,,,,,,,,,,,,,,,,,,,,,,,,,,,,,,,,,,,,,,,,
265,RUTE,CONI,29.75715,-93.11642,none,6/14/2020,Y,60,80,,,,,66,79,79,,N,,H,,,,,,,,,,,,,,,,,,,,,,,,,,,,,,,,,,,,,,,,,,,,,,,,,,"1E, 7d",,,,,1E,,,1E,,,,,1C,,,,,,,,,,,,,,,,,,,,,,,,,,,,,,,,,,,,,,,,,,,,,,,,,,,,,,,,,,,,,,,,,,,,,,,,,,,,,,,,,,,,,,,,,,,,,,,,,,,,,,,,,,,,,,,,,,,,,,,,,,,,,,,,,,,,,,,,,,,,,,,,,,,,,,,,,,,,,,
266,RUTE,CONI,29.75683,-93.11497,none,6/20/2020,Y,70,80,,,,,66,86,88,evidence of chicks? One bad egg on 26 Jun,Y,N,U-H,H,6/26/2020,Veg in way blocking nest - rat or mouse comes to visit; why is this marked hatch?,,,,,,,,,,,,,,,,,,,,,,,,,,,,,,,,,,,,,,,,,,,,,,,"1E, 1d",,,,,2E,,,2E,,,,,2E,,,,2E,,2E,,0E,,,,,,,,,,,,,,,,,,,,,,,,,,,,,,,,,,,,,,,,,,,,,,,,,,,,,,,,,,,,,,,,,,,,,,,,,,,,,,,,,,,,,,,,,,,,,,,,,,,,,,,,,,,,,,,,,,,,,,,,,,,,,,,,,,,,,,,,,,,,,,,,,,,,,,
267,HBTO,CONI,29.7686,-93.42634,none,6/12/2020,Y,50,50,,,,,69,69,77,"No sign of predation at nest, possible hatch.",Y,N,U,NA,NA,Camera SD card was knock out of slot when being placed and failed to take picture,,,,,,,,,,,,,,,,,,,,,,,,,,,,,,,,,,,,,,,,,,,,,,,,,,"2E, vert float at top 13d?",,,,,,,,0E,,,,,,,,,,,,,,,,,,,,,,,,,,,,,,,,,,,,,,,,,,,,,,,,,,,,,,,,,,,,,,,,,,,,,,,,,,,,,,,,,,,,,,,,,,,,,,,,,,,,,,,,,,,,,,,,,,,,,,,,,,,,,,,,,,,,,,,,,,,,,,,,,,,,,,,,,,,,,,,,
268,RUTW,CONI,29.7628,-93.14149,signs,6/19/2020,Y,95,95,,,,,70,78,83,"One egg floated high out the water at an angle and was very light, likely dead. Abandoned, presumed due to vehicle and human ",N,,A,,,,,,,,,,,,,,,,,,,,,,,,,,,,,,,,,,,,,,,,,,,,,,,,,,,,,,"2E, 6d",,,,2E,,,,1E,,,,,"1E, failed",,,,,,,,,,,,,,,,,,,,,,,,,,,,,,,,,,,,,,,,,,,,,,,,,,,,,,,,,,,,,,,,,,,,,,,,,,,,,,,,,,,,,,,,,,,,,,,,,,,,,,,,,,,,,,,,,,,,,,,,,,,,,,,,,,,,,,,,,,,,,,,,,,,,,,,,,,
269,RUTW,LETE,29.76437,-93.14863,symbolic,6/23/2020,Y,40,40,,,,,70,86,86,6/25 - 1 chick,Y,N,H,H,6/23/2020,,,,,,,,,,,,,,,,,,,,,,,,,,,,,,,,,,,,,,,,,,,,,,,,,,,,"2E, 5d",,,,2E,,,,2E,,,,,2E,,1C,,,,,,,,,,,,,,,,,,,,,,,,,,,,,,,,,,,,,,,,,,,,,,,,,,,,,,,,,,,,,,,,,,,,,,,,,,,,,,,,,,,,,,,,,,,,,,,,,,,,,,,,,,,,,,,,,,,,,,,,,,,,,,,,,,,,,,,,,,,,,,,,,,,,,,,,
270,RUTW,CONI,29.76447,-93.14885,symbolic,6/21/2020,Y,70,70,,,,,70,74,78,"Nest ran over by vehicle, crushed and dried eggs found",N,,Hu,,,,,,,,,,,,,,,,,,,,,,,,,,,,,,,,,,,,,,,,,,,,,,,,,,,,,,"2E, 4d",,,,2E,,,,"0E, failed",,,,,,,,,,,,,,,,,,,,,,,,,,,,,,,,,,,,,,,,,,,,,,,,,,,,,,,,,,,,,,,,,,,,,,,,,,,,,,,,,,,,,,,,,,,,,,,,,,,,,,,,,,,,,,,,,,,,,,,,,,,,,,,,,,,,,,,,,,,,,,,,,,,,,,,,,,,,,,,
271,RUTW,LETE,29.76575,-93.15513,none,6/27/2020,Y,5,10,,,,,70,70,74,"One egg left near nest, cattle prints where cup should be",N,,Ca,,,,,,,,,,,,,,,,,,,,,,,,,,,,,,,,,,,,,,,,,,,,,,,,,,,,,,"2E, 1d",,,,"1E, failed",,,,,,,,,,,,,,,,,,,,,,,,,,,,,,,,,,,,,,,,,,,,,,,,,,,,,,,,,,,,,,,,,,,,,,,,,,,,,,,,,,,,,,,,,,,,,,,,,,,,,,,,,,,,,,,,,,,,,,,,,,,,,,,,,,,,,,,,,,,,,,,,,,,,,,,,,,,,,,,,,,,
272,RUTW,WIPL,29.77052,-93.1797,none,7/6/2020,Y,40,50,,,,,70,96,98,"Abandoned, possibly over 4th weej=kend. 1 egg cracked, chicks pretty much fully developed in eggs",N,,A,,,,,,,,,,,,,,,,,,,,,,,,,,,,,,,,,,,,,,,,,,,,,,,,,,,,,,"1E, 1d",,,,2E,,,,2E,,,,,2E,,2E,,,,BON,,,,2E,,2E,,"2E, abandon",,,,,,,,,,,,,,,,,,,,,,,,,,,,,,,,,,,,,,,,,,,,,,,,,,,,,,,,,,,,,,,,,,,,,,,,,,,,,,,,,,,,,,,,,,,,,,,,,,,,,,,,,,,,,,,,,,,,,,,,,,,,,,,,,,,,,,,,,,,,
273,RUTE,LETE,29.75889,-93.12302,barbed wire,6/22/2020,Y,40,40,,,,,71,86,86,,N,,H,,,,,,,,,,,,,,,,,,,,,,,,,,,,,,,,,,,,,,,,,,,,,,,,,,,,,,,"2E, 7d",,,2E,,,,,2E,,,,2E,,2C,,,,,,,,,,,,,,,,,,,,,,,,,,,,,,,,,,,,,,,,,,,,,,,,,,,,,,,,,,,,,,,,,,,,,,,,,,,,,,,,,,,,,,,,,,,,,,,,,,,,,,,,,,,,,,,,,,,,,,,,,,,,,,,,,,,,,,,,,,,,,,,,,,,,,,,,
274,RUTE,WIPL,29.75851,-93.1214,barbed wire,6/29/2020,Y,40,40,,,,,71,90,90,"Two chicks banded in cup, third chick could be heard in egg",N,,H,,,,,,,,,,,,,,,,,,,,,,,,,,,,,,,,,,,,,,,,,,,,,,,,,,,,,,,"3E, 9d",,,3E,,,,,3E,,,,3E,,3E,,,,1E 2C,,,,,,,,,,,,,,,,,,,,,,,,,,,,,,,,,,,,,,,,,,,,,,,,,,,,,,,,,,,,,,,,,,,,,,,,,,,,,,,,,,,,,,,,,,,,,,,,,,,,,,,,,,,,,,,,,,,,,,,,,,,,,,,,,,,,,,,,,,,,,,,,,,,,
275,RUTW ,WIPL,29.7642,-93.14749,symbolic,6/14/2020,N,,,,,,,74,75,75,"2 chicks hatched and banded in cup, 1 egg failed. egg was gone on the 17th",Y,N,H,H,6/14/2020,"Two chicks hatched sucessfully, parents sat on last egg full day after first two chicks hatched then left",,,,,,,,,,,,,,,,,,,,,,,,,,,,,,,,,,,,,,,,,,,,,,,,,,,,,,,"3E, 28d","1E, 2C",,,0E,,,,,,,,,,,,,,,,,,,,,,,,,,,,,,,,,,,,,,,,,,,,,,,,,,,,,,,,,,,,,,,,,,,,,,,,,,,,,,,,,,,,,,,,,,,,,,,,,,,,,,,,,,,,,,,,,,,,,,,,,,,,,,,,,,,,,,,,,,,,,,,,,,,,,,,,,,,,,,,
276,RUTE,CONI,29.75903,-93.12378,barbed wire,6/22/2020,Y,75,75,,Yes,,,74,86,86,"1 Chick in nest, still wet, second egg unhatched 25 Jun. Both chicks hatched, banded on 7 July 2020. Band# 115289174 and 115289175. Chicks fledged 13 July",Y,N,H,H,6/25/2020,,,,,,,,,,,,,,,,,,,,,,,,,,,,,,,,,,,,,,,,,,,,,,,,,,,,,,,,"2E,6d, 7d",,,,,2E,,,,2E,,"1E, 1C",,,,,,,,,,,,,,,,,,,,,,,,,,,,,,,,,,,,,,,,,,,,,,,,,,,,,,,,,,,,,,,,,,,,,,,,,,,,,,,,,,,,,,,,,,,,,,,,,,,,,,,,,,,,,,,,,,,,,,,,,,,,,,,,,,,,,,,,,,,,,,,,,,,,,,,,
277,RUTE,LETE,29.75877,-93.12222,barbed wire,6/25/2020,Y,50,50,,,,,74,74,79,Failed unkonwn,N,,F,,,,,,,,,,,,,,,,,,,,,,,,,,,,,,,,,,,,,,,,,,,,,,,,,,,,,,,,,,"2E, 7d",,,,,"0E, failed",,,,,,,,,,,,,,,,,,,,,,,,,,,,,,,,,,,,,,,,,,,,,,,,,,,,,,,,,,,,,,,,,,,,,,,,,,,,,,,,,,,,,,,,,,,,,,,,,,,,,,,,,,,,,,,,,,,,,,,,,,,,,,,,,,,,,,,,,,,,,,,,,,,,,,,,,,,,,,
278,RUTW ,LETE,29.77043,-93.17625,none,6/30/2020,Y,30,75,,,,,78,78,83,Ants eating crushed dried egg,N,,Ca,,,,,,,,,,,,,,,,,,,,,,,,,,,,,,,,,,,,,,,,,,,,,,,,,,,,,,,,,,,,,,"2E, 6d",,,,,"0E, failed",,,,,,,,,,,,,,,,,,,,,,,,,,,,,,,,,,,,,,,,,,,,,,,,,,,,,,,,,,,,,,,,,,,,,,,,,,,,,,,,,,,,,,,,,,,,,,,,,,,,,,,,,,,,,,,,,,,,,,,,,,,,,,,,,,,,,,,,,,,,,,,,,,,,,,,,,,
279,RUTW ,LETE,29.77048,-93.17648,none,7/2/2020,Y,30,75,,,,,78,78,83,Ants eating crushed dried egg,N,,Ca,,,,,,,,,,,,,,,,,,,,,,,,,,,,,,,,,,,,,,,,,,,,,,,,,,,,,,,,,,,,,,"2E, 1d,4d",,,,,"0E, failed",,,,,,,,,,,,,,,,,,,,,,,,,,,,,,,,,,,,,,,,,,,,,,,,,,,,,,,,,,,,,,,,,,,,,,,,,,,,,,,,,,,,,,,,,,,,,,,,,,,,,,,,,,,,,,,,,,,,,,,,,,,,,,,,,,,,,,,,,,,,,,,,,,,,,,,,,,
280,RUTW ,LETE,29.7705,-93.17656,none,7/2/2020,Y,30,75,,,,,78,78,83,Ants eating crushed dried egg,N,,Ca,,,,,,,,,,,,,,,,,,,,,,,,,,,,,,,,,,,,,,,,,,,,,,,,,,,,,,,,,,,,,,"1E, 4d",,,,,"0E, failed",,,,,,,,,,,,,,,,,,,,,,,,,,,,,,,,,,,,,,,,,,,,,,,,,,,,,,,,,,,,,,,,,,,,,,,,,,,,,,,,,,,,,,,,,,,,,,,,,,,,,,,,,,,,,,,,,,,,,,,,,,,,,,,,,,,,,,,,,,,,,,,,,,,,,,,,,,
281,RUTW ,LETE,29.76577,-93.1554,none,7/2/2020,Y,20,20,,,,,78,90,94,"Camera, stick and eggs all gonewhen checked. fate unkown",Y,N,U,NA,NA,Camera stolen,,,,,,,,,,,,,,,,,,,,,,,,,,,,,,,,,,,,,,,,,,,,,,,,,,,,,,,,,,,"2E, 4d",,,,,2E,,2E,,,,2E,,,,0E,,,,,,,,,,,,,,,,,,,,,,,,,,,,,,,,,,,,,,,,,,,,,,,,,,,,,,,,,,,,,,,,,,,,,,,,,,,,,,,,,,,,,,,,,,,,,,,,,,,,,,,,,,,,,,,,,,,,,,,,,,,,,,,,,,,,,,,,,,,,,,,,
282,RUTW ,LETE,29.76572,-93.15539,none,6/29/2020,Y,20,20,,,,,78,78,83,four wheeler tracks over nes cup and stick,N,,Hu,,,,,,,,,,,,,,,,,,,,,,,,,,,,,,,,,,,,,,,,,,,,,,,,,,,,,,,,,,,,,,"2E, 7d",,,,,"0E, failed",,,,,,,,,,,,,,,,,,,,,,,,,,,,,,,,,,,,,,,,,,,,,,,,,,,,,,,,,,,,,,,,,,,,,,,,,,,,,,,,,,,,,,,,,,,,,,,,,,,,,,,,,,,,,,,,,,,,,,,,,,,,,,,,,,,,,,,,,,,,,,,,,,,,,,,,,,
283,BROW,LETE,29.77224,-93.2968,none,7/5/2020,Y,0,0,,,,,81,81,84,Washed away in storm surge on 22 Jun,N,,S,,,,,,,,,,,,,,,,,,,,,,,,,,,,,,,,,,,,,,,,,,,,,,,,,,,,,,,,,,,,,,,,,"2E, 3d",,,0E,,,,,,,,,,,,,,,,,,,,,,,,,,,,,,,,,,,,,,,,,,,,,,,,,,,,,,,,,,,,,,,,,,,,,,,,,,,,,,,,,,,,,,,,,,,,,,,,,,,,,,,,,,,,,,,,,,,,,,,,,,,,,,,,,,,,,,,,,,,,,,,,,,,,,,,,,
284,BROW,LETE,29.77224,-93.29687,none,7/4/2020,Y,0,0,,,,,81,81,84,Washed away in storm surge on 22 Jun,N,,S,,,,,,,,,,,,,,,,,,,,,,,,,,,,,,,,,,,,,,,,,,,,,,,,,,,,,,,,,,,,,,,,,"2E, 4d",,,0E,,,,,,,,,,,,,,,,,,,,,,,,,,,,,,,,,,,,,,,,,,,,,,,,,,,,,,,,,,,,,,,,,,,,,,,,,,,,,,,,,,,,,,,,,,,,,,,,,,,,,,,,,,,,,,,,,,,,,,,,,,,,,,,,,,,,,,,,,,,,,,,,,,,,,,,,,
285,BROW,LETE,29.77223,-93.29701,none,7/1/2020,Y,0,0,,,,,81,81,84,Washed away in storm surge on 22 Jun,N,,S,,,,,,,,,,,,,,,,,,,,,,,,,,,,,,,,,,,,,,,,,,,,,,,,,,,,,,,,,,,,,,,,,"2E, 7d",,,0E,,,,,,,,,,,,,,,,,,,,,,,,,,,,,,,,,,,,,,,,,,,,,,,,,,,,,,,,,,,,,,,,,,,,,,,,,,,,,,,,,,,,,,,,,,,,,,,,,,,,,,,,,,,,,,,,,,,,,,,,,,,,,,,,,,,,,,,,,,,,,,,,,,,,,,,,,
286,BROW,LETE,29.77219,-93.2972,none,7/6/2020,Y,0,0,,,,,81,81,84,Washed away in storm surge on 22 Jun,N,,S,,,,,,,,,,,,,,,,,,,,,,,,,,,,,,,,,,,,,,,,,,,,,,,,,,,,,,,,,,,,,,,,,"2E, 2d",,,0E,,,,,,,,,,,,,,,,,,,,,,,,,,,,,,,,,,,,,,,,,,,,,,,,,,,,,,,,,,,,,,,,,,,,,,,,,,,,,,,,,,,,,,,,,,,,,,,,,,,,,,,,,,,,,,,,,,,,,,,,,,,,,,,,,,,,,,,,,,,,,,,,,,,,,,,,,
287,BROW,LETE,29.77216,-93.29742,none,7/6/2020,Y,0,0,,,,,81,81,84,Washed away in storm surge on 22 Jun,N,,S,,,,,,,,,,,,,,,,,,,,,,,,,,,,,,,,,,,,,,,,,,,,,,,,,,,,,,,,,,,,,,,,,"1E, 2d",,,0E,,,,,,,,,,,,,,,,,,,,,,,,,,,,,,,,,,,,,,,,,,,,,,,,,,,,,,,,,,,,,,,,,,,,,,,,,,,,,,,,,,,,,,,,,,,,,,,,,,,,,,,,,,,,,,,,,,,,,,,,,,,,,,,,,,,,,,,,,,,,,,,,,,,,,,,,,
288,BROW,LETE,29.77214,-93.29758,none,7/4/2020,Y,0,0,,,,,81,81,84,Washed away in storm surge on 22 Jun,N,,S,,,,,,,,,,,,,,,,,,,,,,,,,,,,,,,,,,,,,,,,,,,,,,,,,,,,,,,,,,,,,,,,,"2E, 4d",,,0E,,,,,,,,,,,,,,,,,,,,,,,,,,,,,,,,,,,,,,,,,,,,,,,,,,,,,,,,,,,,,,,,,,,,,,,,,,,,,,,,,,,,,,,,,,,,,,,,,,,,,,,,,,,,,,,,,,,,,,,,,,,,,,,,,,,,,,,,,,,,,,,,,,,,,,,,,
289,BROW,LETE,29.77212,-93.29768,none,7/7/2020,Y,0,0,,,,,81,81,84,Washed away in storm surge on 22 Jun,N,,S,,,,,,,,,,,,,,,,,,,,,,,,,,,,,,,,,,,,,,,,,,,,,,,,,,,,,,,,,,,,,,,,,"1E, 1d",,,0E,,,,,,,,,,,,,,,,,,,,,,,,,,,,,,,,,,,,,,,,,,,,,,,,,,,,,,,,,,,,,,,,,,,,,,,,,,,,,,,,,,,,,,,,,,,,,,,,,,,,,,,,,,,,,,,,,,,,,,,,,,,,,,,,,,,,,,,,,,,,,,,,,,,,,,,,,
290,BROW,LETE,29.77213,-93.29774,none,7/7/2020,Y,0,0,,,,,81,81,84,Washed away in storm surge on 22 Jun,N,,S,,,,,,,,,,,,,,,,,,,,,,,,,,,,,,,,,,,,,,,,,,,,,,,,,,,,,,,,,,,,,,,,,"1E, 1d",,,0E,,,,,,,,,,,,,,,,,,,,,,,,,,,,,,,,,,,,,,,,,,,,,,,,,,,,,,,,,,,,,,,,,,,,,,,,,,,,,,,,,,,,,,,,,,,,,,,,,,,,,,,,,,,,,,,,,,,,,,,,,,,,,,,,,,,,,,,,,,,,,,,,,,,,,,,,,
291,BROW,LETE,29.77214,-93.29792,none,6/29/2020,Y,0,0,,,,,81,81,84,Possible bad egg. Washed away in storm surge on 22 Jun,N,,S,,,,,,,,,,,,,,,,,,,,,,,,,,,,,,,,,,,,,,,,,,,,,,,,,,,,,,,,,,,,,,,,,"2E, 16d, 9d",,,0E,,,,,,,,,,,,,,,,,,,,,,,,,,,,,,,,,,,,,,,,,,,,,,,,,,,,,,,,,,,,,,,,,,,,,,,,,,,,,,,,,,,,,,,,,,,,,,,,,,,,,,,,,,,,,,,,,,,,,,,,,,,,,,,,,,,,,,,,,,,,,,,,,,,,,,,,,
292,BROW,LETE,29.77184,-93.2993,none,7/7/2020,Y,0,0,,,,,81,81,84,Washed away in storm surge on 22 Jun,N,,S,,,,,,,,,,,,,,,,,,,,,,,,,,,,,,,,,,,,,,,,,,,,,,,,,,,,,,,,,,,,,,,,,"1E, 1d",,,0E,,,,,,,,,,,,,,,,,,,,,,,,,,,,,,,,,,,,,,,,,,,,,,,,,,,,,,,,,,,,,,,,,,,,,,,,,,,,,,,,,,,,,,,,,,,,,,,,,,,,,,,,,,,,,,,,,,,,,,,,,,,,,,,,,,,,,,,,,,,,,,,,,,,,,,,,,
293,BROW,LETE,29.77172,-93.30008,none,7/4/2020,Y,0,0,,,,,81,81,84,Washed away in storm surge on 22 Jun,N,,S,,,,,,,,,,,,,,,,,,,,,,,,,,,,,,,,,,,,,,,,,,,,,,,,,,,,,,,,,,,,,,,,,"2E, 4d",,,0E,,,,,,,,,,,,,,,,,,,,,,,,,,,,,,,,,,,,,,,,,,,,,,,,,,,,,,,,,,,,,,,,,,,,,,,,,,,,,,,,,,,,,,,,,,,,,,,,,,,,,,,,,,,,,,,,,,,,,,,,,,,,,,,,,,,,,,,,,,,,,,,,,,,,,,,,,
294,BROW,LETE,29.77168,-93.30033,none,7/7/2020,Y,0,0,,,,,81,81,84,Washed away in storm surge on 22 Jun,N,,S,,,,,,,,,,,,,,,,,,,,,,,,,,,,,,,,,,,,,,,,,,,,,,,,,,,,,,,,,,,,,,,,,"1E, 1d",,,0E,,,,,,,,,,,,,,,,,,,,,,,,,,,,,,,,,,,,,,,,,,,,,,,,,,,,,,,,,,,,,,,,,,,,,,,,,,,,,,,,,,,,,,,,,,,,,,,,,,,,,,,,,,,,,,,,,,,,,,,,,,,,,,,,,,,,,,,,,,,,,,,,,,,,,,,,,
295,BROW,LETE,29.77166,-93.30051,none,7/5/2020,Y,0,0,,,,,81,81,84,Washed away in storm surge on 22 Jun,N,,S,,,,,,,,,,,,,,,,,,,,,,,,,,,,,,,,,,,,,,,,,,,,,,,,,,,,,,,,,,,,,,,,,"2E, 2d, 4d",,,0E,,,,,,,,,,,,,,,,,,,,,,,,,,,,,,,,,,,,,,,,,,,,,,,,,,,,,,,,,,,,,,,,,,,,,,,,,,,,,,,,,,,,,,,,,,,,,,,,,,,,,,,,,,,,,,,,,,,,,,,,,,,,,,,,,,,,,,,,,,,,,,,,,,,,,,,,,
296,BROW,LETE,29.77164,-93.30074,none,7/1/2020,Y,0,0,,,,,81,81,84,Washed away in storm surge on 22 Jun,N,,S,,,,,,,,,,,,,,,,,,,,,,,,,,,,,,,,,,,,,,,,,,,,,,,,,,,,,,,,,,,,,,,,,"2E, 7d",,,0E,,,,,,,,,,,,,,,,,,,,,,,,,,,,,,,,,,,,,,,,,,,,,,,,,,,,,,,,,,,,,,,,,,,,,,,,,,,,,,,,,,,,,,,,,,,,,,,,,,,,,,,,,,,,,,,,,,,,,,,,,,,,,,,,,,,,,,,,,,,,,,,,,,,,,,,,,
297,BROW,LETE,29.77161,-93.29505,none,7/7/2020,Y,0,0,,,,,81,81,84,Washed away in storm surge on 22 Jun,N,,S,,,,,,,,,,,,,,,,,,,,,,,,,,,,,,,,,,,,,,,,,,,,,,,,,,,,,,,,,,,,,,,,,"2E, 1d",,,0E,,,,,,,,,,,,,,,,,,,,,,,,,,,,,,,,,,,,,,,,,,,,,,,,,,,,,,,,,,,,,,,,,,,,,,,,,,,,,,,,,,,,,,,,,,,,,,,,,,,,,,,,,,,,,,,,,,,,,,,,,,,,,,,,,,,,,,,,,,,,,,,,,,,,,,,,,
298,RUTW ,LETE,29.7622,-93.13832,none,6/26/2020,Y,35,40,,,,,83,91,91,"Egg staring on Jun 30, succeful hatch of both chicks as of 2 July, 3July only one chick left. Chick still alive as of 5 July",N,,H,,,,,,,,,,,,,,,,,,,,,,,,,,,,,,,,,,,,,,,,,,,,,,,,,,,,,,,,,,,,,,,,,,,"2E, 15",,2E,,,,2E,"2E, hatchin",,,,,,,,,,,,,,,,,,,,,,,,,,,,,,,,,,,,,,,,,,,,,,,,,,,,,,,,,,,,,,,,,,,,,,,,,,,,,,,,,,,,,,,,,,,,,,,,,,,,,,,,,,,,,,,,,,,,,,,,,,,,,,,,,,,,,,,,,,,,,,,,,,,
299,RUTW ,LETE,29.76573,-93.15522,none,7/11/2020,Y,20,40,,,,,83,94,96,"1 egg abandoned in cup, cold and covered in sand 5 July",Y,N,A,A,7/4/2020, Camera stolen,,,,,,,,,,,,,,,,,,,,,,,,,,,,,,,,,,,,,,,,,,,,,,,,,,,,,,,,,,,,,,,,"1E, 1d",,2E,,,,2E,,,,2E,,"1E, failed",,,,,,,,,,,,,,,,,,,,,,,,,,,,,,,,,,,,,,,,,,,,,,,,,,,,,,,,,,,,,,,,,,,,,,,,,,,,,,,,,,,,,,,,,,,,,,,,,,,,,,,,,,,,,,,,,,,,,,,,,,,,,,,,,,,,,,,,,,,,,,
600,ROCK,WIPL,29.66513,-92.8376,none,,Y,0,0,"E6 male, no female",,,,63,,,,,,U,,,,,,,,,,,,,,,,,,,,,,,,,,,,,,,,,,,,,,,,,,,,,,,"2E, 4d, 1d",,,,,,,,,,,,,,,,,,,,,,,,,,,,,,,,,,,,,,,,,,,,,,,,,,,,,,,,,,,,,,,,,,,,,,,,,,,,,,,,,,,,,,,,,,,,,,,,,,,,,,,,,,,,,,,,,,,,,,,,,,,,,,,,,,,,,,,,,,,,,,,,,,,,,,,,,,,,,,,,,,,,,,,,,,,,,,
601,ROCK,CONI,29.66212,-92.83023,none,6/17/2020,Y,0,0,,,,,63,,,,,,U,,,,,,,,,,,,,,,,,,,,,,,,,,,,,,,,,,,,,,,,,,,,,,,"1E, 1d",,,,,,,,,,,,,,,,,,,,,,,,,,,,,,,,,,,,,,,,,,,,,,,,,,,,,,,,,,,,,,,,,,,,,,,,,,,,,,,,,,,,,,,,,,,,,,,,,,,,,,,,,,,,,,,,,,,,,,,,,,,,,,,,,,,,,,,,,,,,,,,,,,,,,,,,,,,,,,,,,,,,,,,,,,,,,,
602,ROCK,CONI,29.66186,-92.82959,none,6/16/2020,Y,0,0,,,,,63,,,,,,U,,,,,,,,,,,,,,,,,,,,,,,,,,,,,,,,,,,,,,,,,,,,,,,"2E, 1d, 2-3d",,,,,,,,,,,,,,,,,,,,,,,,,,,,,,,,,,,,,,,,,,,,,,,,,,,,,,,,,,,,,,,,,,,,,,,,,,,,,,,,,,,,,,,,,,,,,,,,,,,,,,,,,,,,,,,,,,,,,,,,,,,,,,,,,,,,,,,,,,,,,,,,,,,,,,,,,,,,,,,,,,,,,,,,,,,,,,
603,ROCK,WIPL,29.66673,-92.84173,none,,Y,0,0,"T2 male, no female",,,,63,,,,,,U,,,,,,,,,,,,,,,,,,,,,,,,,,,,,,,,,,,,,,,,,,,,,,,"3E, 9d, 5d, 5d",,,,,,,,,,,,,,,,,,,,,,,,,,,,,,,,,,,,,,,,,,,,,,,,,,,,,,,,,,,,,,,,,,,,,,,,,,,,,,,,,,,,,,,,,,,,,,,,,,,,,,,,,,,,,,,,,,,,,,,,,,,,,,,,,,,,,,,,,,,,,,,,,,,,,,,,,,,,,,,,,,,,,,,,,,,,,,
604,ROCK,LETE,29.66725,-92.84341,none,,Y,0,0,,,,,63,,,,,,U,,,,,,,,,,,,,,,,,,,,,,,,,,,,,,,,,,,,,,,,,,,,,,,"1E, did not float",,,,,,,,,,,,,,,,,,,,,,,,,,,,,,,,,,,,,,,,,,,,,,,,,,,,,,,,,,,,,,,,,,,,,,,,,,,,,,,,,,,,,,,,,,,,,,,,,,,,,,,,,,,,,,,,,,,,,,,,,,,,,,,,,,,,,,,,,,,,,,,,,,,,,,,,,,,,,,,,,,,,,,,,,,,,,,
300,RUTW,CONI,29.77034,-93.17373,none,,Y,90,90,,,,,59,59,59,"5/29 - 1 chick, 1 egg",Y,N,H,H,5/29/2020,,,,,,,,,,,,,,,,,,,,,,,,,,,,,,,,,,,,,,,,,"1E, 1C",,,,,,,,,,,,,,,,,,,,,,,,,,,,,,,,,,,,,,,,,,,,,,,,,,,,,,,,,,,,,,,,,,,,,,,,,,,,,,,,,,,,,,,,,,,,,,,,,,,,,,,,,,,,,,,,,,,,,,,,,,,,,,,,,,,,,,,,,,,,,,,,,,,,,,,,,,,,,,,,,,,,,,,,,,,,,,,,,,
301,RUTW,CONI,29.76837,-93.16584,none,6/10/2020,Y,80,80,,,,unk,59,70,72,any other observations in between? 6/11 - 1E getting eaten by ants. probably abandoned? and then attacked by ants? depredated and then attacked?,Y,Y,F,Ca,6/14/2020,"cam set 6/10; bird is there bobbing head on 6/12, but not on nest; cow steps in area on 6/12 night. cow steps on nest 6/14 - ?? After it was abandoned? ",,,,,,,,,,,,,,,,,,,,,,,,,,,,,,,,,,,,,,,,2E,,,,,,2E,,,,,BON,,"1E, abandoned",,,,,,,,,,,,,,,,,,,,,,,,,,,,,,,,,,,,,,,,,,,,,,,,,,,,,,,,,,,,,,,,,,,,,,,,,,,,,,,,,,,,,,,,,,,,,,,,,,,,,,,,,,,,,,,,,,,,,,,,,,,,,,,,,,,,,,,,,,,,,,,,,,,,,,,,,,,,,,,,,,,,,
302,RUTW ,LETE,,,none,,Y,,,,,,,,,,,,,,,,,,,,,,,,,,,,,,,,,,,,,,,,,,,,,,,,,,,,,,,,,,,,,,,,,,,,,,,,,,,,,,,,,,,,,,,,,,,,,,,,,,,,,,,,,,,,,,,,,,,,,,,,,,,,,,,,,,,,,,,,,,,,,,,,,,,,,,,,,,,,,,,,,,,,,,,,,,,,,,,,,,,,,,,,,,,,,,,,,,,,,,,,,,,,,,,,,,,,,,,,,,,,,,,,,,,,,,,,,,
303,RUTW ,LETE,29.76865,-93.16969,none,NA,Y,25,40,,,,,62,62,65,,Y,N,Ca,Ca,6/3/2020,,,,,,,,,,,,,,,,,,,,,,,,,,,,,,,,,,,,,,,,,,,,2E,,,0E,,,,,,,,,,,,,,,,,,,,,,,,,,,,,,,,,,,,,,,,,,,,,,,,,,,,,,,,,,,,,,,,,,,,,,,,,,,,,,,,,,,,,,,,,,,,,,,,,,,,,,,,,,,,,,,,,,,,,,,,,,,,,,,,,,,,,,,,,,,,,,,,,,,,,,,,,,,,,,,,,,,,,,,,,,,,
304,RUTW ,LETE,29.77,-93.17712,none,,Y,70,70,,,,,62,70,70,6/9 - 1 chick; needs stick,Y,N,H,H,6/7/2020,any photos after 6/5?,,,,,,,,,,,,,,,,,,,,,,,,,,,,,,,,,,,,,,,,,,,1E,,,,,,,,1C,,,,,,,,,,,,,,,,,,,,,,,,,,,,,,,,,,,,,,,,,,,,,,,,,,,,,,,,,,,,,,,,,,,,,,,,,,,,,,,,,,,,,,,,,,,,,,,,,,,,,,,,,,,,,,,,,,,,,,,,,,,,,,,,,,,,,,,,,,,,,,,,,,,,,,,,,,,,,,,,,,,,,,,
305,RUTW ,CONI,29.76772,-93.16209,none,,Y,80,80,,,,,62,,,6/10 - 2 chicks - seen in field?; needs stick,Y,N,U-H,H,6/11/2020,,,,,,,,,,,,,,,,,,,,,,,,,,,,,,,,,,,,,,,,,,,,2E,,,,,,,,BON,"2C, 1-2d",BON,,,,,,,,,,,,,,,,,,,,,,,,,,,,,,,,,,,,,,,,,,,,,,,,,,,,,,,,,,,,,,,,,,,,,,,,,,,,,,,,,,,,,,,,,,,,,,,,,,,,,,,,,,,,,,,,,,,,,,,,,,,,,,,,,,,,,,,,,,,,,,,,,,,,,,,,,,,,,,,,,,,,,
306,BROW,LETE,29.77229,-93.29646,none,,Y,0,0,,,,,,,,"Nests 306-314 failed due to either vehicle, coyote, or Tropical Storm Cristobal storm surge. Evidence of all three disturbance types on camera for colony in general. Any nests not lost to coyotes or vehicles in the days leading up to the storm were wiped out once the storm hit. ",N,,F,,,"Camera over general colony captured coyote, vehicle and storm surge disturbance",,,,,,,,,,,,,,,,,,,,,,,,,,,,,,,,,,,,,,,,,,,,,,,,,,,,,,,,,,,,,,,,,,,,,,,,,,,,,,,,,,,,,,,,,,,,,,,,,,,,,,,,,,,,,,,,,,,,,,,,,,,,,,,,,,,,,,,,,,,,,,,,,,,,,,,,,,,,,,,,,,,,,,,,,,,,,,,,,,,,,,,,,,,,,,,,,,,,,,,,,,,,,,,,,,,,,,,,,,
307,BROW,LETE,29.77221,-93.2971,none,,Y,0,0,,,,,,,,"Nests 306-314 failed due to either vehicle, coyote, or Tropical Storm Cristobal storm surge. Evidence of all three disturbance types on camera for colony in general. Any nests not lost to coyotes or vehicles in the days leading up to the storm were wiped out once the storm hit. ",N,,F,,,"Camera over general colony captured coyote, vehicle and storm surge disturbance",,,,,,,,,,,,,,,,,,,,,,,,,,,,,,,,,,,,,,,,,,,,,,,,,,,,,,,,,,,,,,,,,,,,,,,,,,,,,,,,,,,,,,,,,,,,,,,,,,,,,,,,,,,,,,,,,,,,,,,,,,,,,,,,,,,,,,,,,,,,,,,,,,,,,,,,,,,,,,,,,,,,,,,,,,,,,,,,,,,,,,,,,,,,,,,,,,,,,,,,,,,,,,,,,,,,,,,,,,
308,BROW,LETE,29.77214,-93.29757,none,,Y,0,0,,,,,,,,"Nests 306-314 failed due to either vehicle, coyote, or Tropical Storm Cristobal storm surge. Evidence of all three disturbance types on camera for colony in general. Any nests not lost to coyotes or vehicles in the days leading up to the storm were wiped out once the storm hit. ",N,,F,,,"Camera over general colony captured coyote, vehicle and storm surge disturbance",,,,,,,,,,,,,,,,,,,,,,,,,,,,,,,,,,,,,,,,,,,,,,,,,,,,,,,,,,,,,,,,,,,,,,,,,,,,,,,,,,,,,,,,,,,,,,,,,,,,,,,,,,,,,,,,,,,,,,,,,,,,,,,,,,,,,,,,,,,,,,,,,,,,,,,,,,,,,,,,,,,,,,,,,,,,,,,,,,,,,,,,,,,,,,,,,,,,,,,,,,,,,,,,,,,,,,,,,,
309,BROW,LETE,29.77189,-93.29914,none,,Y,0,0,,,,,,,,"Nests 306-314 failed due to either vehicle, coyote, or Tropical Storm Cristobal storm surge. Evidence of all three disturbance types on camera for colony in general. Any nests not lost to coyotes or vehicles in the days leading up to the storm were wiped out once the storm hit. ",N,,F,,,"Camera over general colony captured coyote, vehicle and storm surge disturbance",,,,,,,,,,,,,,,,,,,,,,,,,,,,,,,,,,,,,,,,,,,,,,,,,,,,,,,,,,,,,,,,,,,,,,,,,,,,,,,,,,,,,,,,,,,,,,,,,,,,,,,,,,,,,,,,,,,,,,,,,,,,,,,,,,,,,,,,,,,,,,,,,,,,,,,,,,,,,,,,,,,,,,,,,,,,,,,,,,,,,,,,,,,,,,,,,,,,,,,,,,,,,,,,,,,,,,,,,,
310,BROW,LETE,29.77185,-93.29938,none,,Y,0,0,,,,,,,,"Nests 306-314 failed due to either vehicle, coyote, or Tropical Storm Cristobal storm surge. Evidence of all three disturbance types on camera for colony in general. Any nests not lost to coyotes or vehicles in the days leading up to the storm were wiped out once the storm hit. ",N,,F,,,"Camera over general colony captured coyote, vehicle and storm surge disturbance",,,,,,,,,,,,,,,,,,,,,,,,,,,,,,,,,,,,,,,,,,,,,,,,,,,,,,,,,,,,,,,,,,,,,,,,,,,,,,,,,,,,,,,,,,,,,,,,,,,,,,,,,,,,,,,,,,,,,,,,,,,,,,,,,,,,,,,,,,,,,,,,,,,,,,,,,,,,,,,,,,,,,,,,,,,,,,,,,,,,,,,,,,,,,,,,,,,,,,,,,,,,,,,,,,,,,,,,,,
311,BROW,LETE,29.77184,-93.29948,none,,Y,0,0,,,,,,,,"Nests 306-314 failed due to either vehicle, coyote, or Tropical Storm Cristobal storm surge. Evidence of all three disturbance types on camera for colony in general. Any nests not lost to coyotes or vehicles in the days leading up to the storm were wiped out once the storm hit. ",N,,F,,,"Camera over general colony captured coyote, vehicle and storm surge disturbance",,,,,,,,,,,,,,,,,,,,,,,,,,,,,,,,,,,,,,,,,,,,,,,,,,,,,,,,,,,,,,,,,,,,,,,,,,,,,,,,,,,,,,,,,,,,,,,,,,,,,,,,,,,,,,,,,,,,,,,,,,,,,,,,,,,,,,,,,,,,,,,,,,,,,,,,,,,,,,,,,,,,,,,,,,,,,,,,,,,,,,,,,,,,,,,,,,,,,,,,,,,,,,,,,,,,,,,,,,
312,BROW,LETE,29.77181,-93.29964,none,,Y,0,0,,,,,,,,"Nests 306-314 failed due to either vehicle, coyote, or Tropical Storm Cristobal storm surge. Evidence of all three disturbance types on camera for colony in general. Any nests not lost to coyotes or vehicles in the days leading up to the storm were wiped out once the storm hit. ",N,,F,,,"Camera over general colony captured coyote, vehicle and storm surge disturbance",,,,,,,,,,,,,,,,,,,,,,,,,,,,,,,,,,,,,,,,,,,,,,,,,,,,,,,,,,,,,,,,,,,,,,,,,,,,,,,,,,,,,,,,,,,,,,,,,,,,,,,,,,,,,,,,,,,,,,,,,,,,,,,,,,,,,,,,,,,,,,,,,,,,,,,,,,,,,,,,,,,,,,,,,,,,,,,,,,,,,,,,,,,,,,,,,,,,,,,,,,,,,,,,,,,,,,,,,,
313,BROW,LETE,29.77179,-93.29977,none,,Y,0,0,,,,,,,,"Nests 306-314 failed due to either vehicle, coyote, or Tropical Storm Cristobal storm surge. Evidence of all three disturbance types on camera for colony in general. Any nests not lost to coyotes or vehicles in the days leading up to the storm were wiped out once the storm hit. ",N,,F,,,"Camera over general colony captured coyote, vehicle and storm surge disturbance",,,,,,,,,,,,,,,,,,,,,,,,,,,,,,,,,,,,,,,,,,,,,,,,,,,,,,,,,,,,,,,,,,,,,,,,,,,,,,,,,,,,,,,,,,,,,,,,,,,,,,,,,,,,,,,,,,,,,,,,,,,,,,,,,,,,,,,,,,,,,,,,,,,,,,,,,,,,,,,,,,,,,,,,,,,,,,,,,,,,,,,,,,,,,,,,,,,,,,,,,,,,,,,,,,,,,,,,,,
314,BROW,LETE,29.77158,-93.30096,none,,Y,0,0,,,,,,,,"Nests 306-314 failed due to either vehicle, coyote, or Tropical Storm Cristobal storm surge. Evidence of all three disturbance types on camera for colony in general. Any nests not lost to coyotes or vehicles in the days leading up to the storm were wiped out once the storm hit. ",N,,F,,,"Camera over general colony captured coyote, vehicle and storm surge disturbance",,,,,,,,,,,,,,,,,,,,,,,,,,,,,,,,,,,,,,,,,,,,,,,,,,,,,,,,,,,,,,,,,,,,,,,,,,,,,,,,,,,,,,,,,,,,,,,,,,,,,,,,,,,,,,,,,,,,,,,,,,,,,,,,,,,,,,,,,,,,,,,,,,,,,,,,,,,,,,,,,,,,,,,,,,,,,,,,,,,,,,,,,,,,,,,,,,,,,,,,,,,,,,,,,,,,,,,,,,
317,RUTW,CONI,29.77086,-93.17677,,,Y,,,,,,,66,80,80,6/19 - 2 chicks,Y,N,H,H,6/19/2020,where are these photos?,,,,,,,,,,,,,,,,,,,,,,,,,,,,,,,,,,,,,,,,,,,,,,,2E,,,,2E,,,,,,2E,,,,2C,,,,,,,,,,,,,,,,,,,,,,,,,,,,,,,,,,,,,,,,,,,,,,,,,,,,,,,,,,,,,,,,,,,,,,,,,,,,,,,,,,,,,,,,,,,,,,,,,,,,,,,,,,,,,,,,,,,,,,,,,,,,,,,,,,,,,,,,,,,,,,,,,,,,,,,,,,,,,
318,RUTE,CONI,29.75659,-93.1143,,6/17/2020,Y,70,70,,,,,66,88,88,6/27- 1 chick - seen in field?,Y,N,U-H,H,6/27/2020,,,,,,,,,,,,,,,,,,,,,,,,,,,,,,,,,,,,,,,,,,,,,,,,1E,,,,,,,,1E,,,,,1E,,,,,,,,1C,,,,,,,,,,,,,,,,,,,,,,,,,,,,,,,,,,,,,,,,,,,,,,,,,,,,,,,,,,,,,,,,,,,,,,,,,,,,,,,,,,,,,,,,,,,,,,,,,,,,,,,,,,,,,,,,,,,,,,,,,,,,,,,,,,,,,,,,,,,,,,,,,,,,,,
319,RUTE,CONI,29.75633,-93.11217,,6/15/2020,Y,90,90,,,,,66,,,egg (pale) still there on 6/18; no sign of adults nearby,N,,U,,,,,,,,,,,,,,,,,,,,,,,,,,,,,,,,,,,,,,,,,,,,,,,,,,"1E, pale",,,,1E,,,BON,,,,,,1E,,,,,,,,,,,,,,,,,,,,,,,,,,,,,,,,,,,,,,,,,,,,,,,,,,,,,,,,,,,,,,,,,,,,,,,,,,,,,,,,,,,,,,,,,,,,,,,,,,,,,,,,,,,,,,,,,,,,,,,,,,,,,,,,,,,,,,,,,,,,,,,,,,,,,,,,,,,,,,
320,RUTW,CONI,29.76186,-93.13563,,6/15/2020,Y,90,90,,,,,66,84,90,"6/26 she is no longer incubating :( scared off nest afternoon of 6/25 and doesn't return. on 6/24 does she have 1 or 2E??? 6/19 was marked 0E but I adjusted cam on 6/24 and yo ucan still see the white egg after. Nothing in notes/photos. 1 egg is a cracked shell with no contents but still sitting next to other egg - what happened to this nest, what/when was final fate??",Y,,A,A,6/26/2020,"update: notes say card changed 6/15. more photos on extHD. M visits a lot on 6/18. white egg clearly visible, what about other? 6/24 adjusted cam; she's still there after. is still there when photos end on 6/12 - are there more photos somewhere? What about nest checks? ",,,,,,,,,,,,,,,,,,,,,,,,,,,,,,,,,,,,,,,,,,,,,,,"2E, pale",,,,2E,,,,,,2E,,,,1E?,,,,1E?,,,,,0E,,,,,,,,,,,,,,,,,,,,,,,,,,,,,,,,,,,,,,,,,,,,,,,,,,,,,,,,,,,,,,,,,,,,,,,,,,,,,,,,,,,,,,,,,,,,,,,,,,,,,,,,,,,,,,,,,,,,,,,,,,,,,,,,,,,,,,,,,,,,,,,,,,,,
321,RUTW,CONI,29.7629,-93.14075,,6/16/2020,Y,60,60,,,,,66,80,80,"6/19 - 1 chick, 1 egg",Y,N,H,H,6/19/2020,changed cam fate from U to H,,,,,,,,,,,,,,,,,,,,,,,,,,,,,,,,,,,,,,,,,,,,,,,2E,,,,,,,,2E,,2E,,,,"1E, 1C",,,,,,,,,,,,,,,,,,,,,,,,,,,,,,,,,,,,,,,,,,,,,,,,,,,,,,,,,,,,,,,,,,,,,,,,,,,,,,,,,,,,,,,,,,,,,,,,,,,,,,,,,,,,,,,,,,,,,,,,,,,,,,,,,,,,,,,,,,,,,,,,,,,,,,,,,,,,,
322,RUTW,CONI,29.76391,-93.14388,,6/13/2020,Y,50,50,,,,,70,83,83,"6/23 - stick trampled, eggs still there. 6/19 - possibly abandoned, bird not present and did not return while I was watching; camera stops abruptly but still had battery - unknown fate",Y,N,A,A,6/23/2020,"changing date to 6/23 not 6/19; changing cam fate back to A. marking as F, not A. is the note supposed to be 6/19 or 6/9? Cam starts 11 jan 8am, ends 16 jan 3:47am? Don't see photos of me",,,,,,,,,,,,,,,,,,,,,,,,,,,,,,,,,,,,,,,,,,,,,,,,,,,2E,,,,2E,,,,,,2E,,,"2E, abandoned?",,,,,,,,,,,,,,,,,,,,,,,,,,,,,,,,,,,,,,,,,,,,,,,,,,,,,,,,,,,,,,,,,,,,,,,,,,,,,,,,,,,,,,,,,,,,,,,,,,,,,,,,,,,,,,,,,,,,,,,,,,,,,,,,,,,,,,,,,,,,,,,,,,,,,,,,,,
323,RUTE,CONI,29.75859,-93.12138,,6/26/2020,Y,50,50,"tag 118, maybe tag 115",,,,,,,tagged female (118) tracked to nest location. very close to where she nested last year.,Y,,U,NA,NA,no pics after 6/14?,,,,,,,,,,,,,,,,,,,,,,,,,,,,,,,,,,,,,,,,,,,,,,,,,,,,2E,,,2E,,,,,"2E, vert @ top",,,,2E,,,,,,,,,,0E,,,,,,,,,,,,,,,,,,,,,,,,,,,,,,,,,,,,,,,,,,,,,,,,,,,,,,,,,,,,,,,,,,,,,,,,,,,,,,,,,,,,,,,,,,,,,,,,,,,,,,,,,,,,,,,,,,,,,,,,,,,,,,,,,,,,,,,,,,,,,,,,
324,RUTW,CONI,29.7699,-93.1737,,6/22/2020,Y,90,90,,,,,72,72,76,"6/15 - 2E cracked, getting eaten by ants (SB has pics) check cam for fate",Y,N,A,Ca,6/12/2020,"lots of cattle in area, close to nest - knocked over camera, presumably trampled nest ~11 hrs after camera placed",,,,,,,,,,,,,,,,,,,,,,,,,,,,,,,,,,,,,,,,,,,,,,,,,,,,,2E,,,,"2E, abandoned",,,,,,,,,,,,,,,,,,,,,,,,,,,,,,,,,,,,,,,,,,,,,,,,,,,,,,,,,,,,,,,,,,,,,,,,,,,,,,,,,,,,,,,,,,,,,,,,,,,,,,,,,,,,,,,,,,,,,,,,,,,,,,,,,,,,,,,,,,,,,,,,,,,,,,,,,,,,,,,,,
350,RUTE,CONI,29.75822,-93.11945,,6/30/2020,Y,40,40,,,,,,,,6/18- may be abandoned; no sign of adults in area,,,Ca,,,,,,,,,,,,,,,,,,,,,,,,,,,,,,,,,,,,,,,,,,,,,,,,,,,,,,,,,,,,,,,"2E, maybe abandoned",,,,,,,,,,,,,,,,,,,,,,,,,,,,,,,,,,,,,,,,,,,,,,,,,,,,,,,,,,,,,,,,,,,,,,,,,,,,,,,,,,,,,,,,,,,,,,,,,,,,,,,,,,,,,,,,,,,,,,,,,,,,,,,,,,,,,,,,,,,,,,,,,,,,,,,,,,,,,,
351,,,,,,,,,,,,,,,,,is this an actual nest? No photos in google. needs observation history,?,N,,NA,,can't find photos ,,,,,,,,,,,,,,,,,,,,,,,,,,,,,,,,,,,,,,,,,,,,,,,,,,,,,,,,,,,,,,,,,,,,,,,,,,,,,,,,,,,,,,,,,,,,,,,,,,,,,,,,,,,,,,,,,,,,,,,,,,,,,,,,,,,,,,,,,,,,,,,,,,,,,,,,,,,,,,,,,,,,,,,,,,,,,,,,,,,,,,,,,,,,,,,,,,,,,,,,,,,,,,,,,,,,,,,,,,
352,RUTE,CONI,29.75912,-93.1234,,6/21/2020,Y,30,40,,,,,79,91,94,"removed asterisk from est HD *float was weird: one egg flat on bottom, one floating high with the tip above the water; camera pulled for July 4th by Jonathon - what was nest status?",Y,Y,U,H,7/2/2020,"camera was set too high but can still see female - she was there until just before I picked up the camera, but started to move around a bit - chicks probably",,,,,,,,,,,,,,,,,,,,,,,,,,,,,,,,,,,,,,,,,,,,,,,,,,,,,,,,,,,,2E,,,,2E,,2E,,,,,2E,,,,,,,,,,,,,,,,,,,,,,,,,,,,,,,,,,,,,,,,,,,,,,,,,,,,,,,,,,,,,,,,,,,,,,,,,,,,,,,,,,,,,,,,,,,,,,,,,,,,,,,,,,,,,,,,,,,,,,,,,,,,,,,,,,,,,,,,,,,,,,,,,,,
353,RUTE,LETE,29.75876,-93.12294,,6/24/2020,Y,10,10,,,,,,,,,,,,,,,,,,,,,,,,,,,,,,,,,,,,,,,,,,,,,,,,,,,,,,,,,,,,,,,,,,,,,,,,,,"2E, vert @ top",,,,0E,,,,,,,,,,,,,,,,,,,,,,,,,,,,,,,,,,,,,,,,,,,,,,,,,,,,,,,,,,,,,,,,,,,,,,,,,,,,,,,,,,,,,,,,,,,,,,,,,,,,,,,,,,,,,,,,,,,,,,,,,,,,,,,,,,,,,,,,,,,,,,,,,,,,,,,,,,
354,RUTE,CONI,29.75873,-93.12268,,6/19/2020,Y,80,80,,,,,,,,,,,A,,,,,,,,,,,,,,,,,,,,,,,,,,,,,,,,,,,,,,,,,,,,,,,,,,,,,,,,,,,,,,,1E,,,,0E,,,,,,,,,,,,,,,,,,,,,,,,,,,,,,,,,,,,,,,,,,,,,,,,,,,,,,,,,,,,,,,,,,,,,,,,,,,,,,,,,,,,,,,,,,,,,,,,,,,,,,,,,,,,,,,,,,,,,,,,,,,,,,,,,,,,,,,,,,,,,,,,,,,,,,,,,,
355,RUTE,CONI,29.75854,-93.12093,,NA,Y,40,30,,,,,79,82,83,,Y,N,U,F,6/21/2020,"not sure if cam fate written down is correct - about 24hrs w/o photos, is that long enough? Definitely still eggs 6/19, what about 6/20 and 6/21? camera stopped picking up footage on 6/21; still had battery life when picked up; not knocked over; nest probably failed",what are the photos in the nest 355 folder? They go from 6/24 to 7/2,,,,,,,,,,,,,,,,,,,,,,,,,,,,,,,,,,,,,,,,,,,,,,,,,,,,,,,,,,,2E,,,BON,0E,,,,,,,,,,,,,,,,,,,,,,,,,,,,,,,,,,,,,,,,,,,,,,,,,,,,,,,,,,,,,,,,,,,,,,,,,,,,,,,,,,,,,,,,,,,,,,,,,,,,,,,,,,,,,,,,,,,,,,,,,,,,,,,,,,,,,,,,,,,,,,,,,,,,,,,,,,
356,,,,,,,,,,,,,,,,,any field obervations??,Y,,,Ca,7/8/2020,6/26 - cattle knock over camera; camera re-set 6/27; stops recording 7/2 but takes pic 7/3 when I pick it up; INTENSE COW PHOTOS; camera re-set 7/7; cattle either crush nest or cause abandonment,,,,,,,,,,,,,,,,,,,,,,,,,,,,,,,,,,,,,,,,,,,,,,,,,,,,,,,,,,,,,,,,,,,,,,,,,,,,,,,,,,,,,,,,,,,,,,,,,,,,,,,,,,,,,,,,,,,,,,,,,,,,,,,,,,,,,,,,,,,,,,,,,,,,,,,,,,,,,,,,,,,,,,,,,,,,,,,,,,,,,,,,,,,,,,,,,,,,,,,,,,,,,,,,,,,,,,,,,,
400,RUTW,LETE,29.767,-93.16158,none,7/3/2020,Y,10,10,,,,,83,98,98,chick seen? how old was the chick on 7/7?,Y,N,U-H,H,7/5/2020,no photos after 6/27?,,,,,,,,,,,,,,,,,,,,,,,,,,,,,,,,,,,,,,,,,,,,,,,,,,,,,,,,,,,,,,,,"2E, 7d",,2E,,,,BON, ,,,2E,,BON,,1C,,,,,,,,,,,,,,,,,,,,,,,,,,,,,,,,,,,,,,,,,,,,,,,,,,,,,,,,,,,,,,,,,,,,,,,,,,,,,,,,,,,,,,,,,,,,,,,,,,,,,,,,,,,,,,,,,,,,,,,,,,,,,,,,,,,,,,,,,,,,
401,RUTW,LETE,29.76698,-93.16123,none,7/1/2020,Y,10,10,,,,,83,98,98,"No chicks near cup, highly upset parents, wings up on ground",N,,H,,,cows in photos on 7/9?,,,,,,,,,,,,,,,,,,,,,,,,,,,,,,,,,,,,,,,,,,,,,,,,,,,,,,,,,,,,,,,,"2E, 9d",,1E,,,,BON,,,,1E,,BON,,"0E, hatch",,,,,,,,,,,,,,,,,,,,,,,,,,,,,,,,,,,,,,,,,,,,,,,,,,,,,,,,,,,,,,,,,,,,,,,,,,,,,,,,,,,,,,,,,,,,,,,,,,,,,,,,,,,,,,,,,,,,,,,,,,,,,,,,,,,,,,,,,,,,
402,RUTW,LETE,29.76695,-93.16123,none,7/7/2020,Y,5,10,,,,,83,102,102,"Chick in cup, assumed second chick nearby. ARound 2 daysold",Y,N,H,H,7/10/2020,,,,,,,,,,,,,,,,,,,,,,,,,,,,,,,,,,,,,,,,,,,,,,,,,,,,,,,,,,,,,,,,,"2E, 1d 4d",,2E,,,,BON,,,,2E,,BON,,2E,,,,1C,,,,,,,,,,,,,,,,,,,,,,,,,,,,,,,,,,,,,,,,,,,,,,,,,,,,,,,,,,,,,,,,,,,,,,,,,,,,,,,,,,,,,,,,,,,,,,,,,,,,,,,,,,,,,,,,,,,,,,,,,,,,,,,,,,,,,,,,
403,RUTW,LETE,29.76698,-93.16161,none,7/11/2020,Y,10,10,,,,,83,90,94,"Stick broken, nest gone, cattle tracks through area where cup was",N,,Ca,,,,,,,,,,,,,,,,,,,,,,,,,,,,,,,,,,,,,,,,,,,,,,,,,,,,,,,,,,,,,,,,,,,"1E, 1d",,1E,,,,BON,,,,"0E, failed",,,,,,,,,,,,,,,,,,,,,,,,,,,,,,,,,,,,,,,,,,,,,,,,,,,,,,,,,,,,,,,,,,,,,,,,,,,,,,,,,,,,,,,,,,,,,,,,,,,,,,,,,,,,,,,,,,,,,,,,,,,,,,,,,,,,,,,,,,,,,,,,
404,RUTW,CONI,29.76892,-93.16894,none,7/7/2020,Y,90,90,,,,,83,86,90,Cracked egg next to nest area being eaten by ants. Stick crushed,N,,Ca,,,,,,,,,,,,,,,,,,,,,,,,,,,,,,,,,,,,,,,,,,,,,,,,,,,,,,,,,,,,,,,,,,,"1E, 1d",,1E,,,,"0E, failed",,,,,,,,,,,,,,,,,,,,,,,,,,,,,,,,,,,,,,,,,,,,,,,,,,,,,,,,,,,,,,,,,,,,,,,,,,,,,,,,,,,,,,,,,,,,,,,,,,,,,,,,,,,,,,,,,,,,,,,,,,,,,,,,,,,,,,,,,,,,,,,,,,,,
405,RUTW,LETE,29.76446,-93.14888,symbolic,7/11/2020,Y,50,50,,,,,86,105,105,No sign of failure. assumed hatched,Y,N,U-H,H,7/12/2020,Chicks hatched on 12 July.,,,,,,,,,,,,,,,,,,,,,,,,,,,,,,,,,,,,,,,,,,,,,,,,,,,,,,,,,,,,,,,,,,"2E, 3d",,,,2E,,,,2E,,2E,,2E,,,,2E,"0E, hatch",,,,,,,,,,,,,,,,,,,,,,,,,,,,,,,,,,,,,,,,,,,,,,,,,,,,,,,,,,,,,,,,,,,,,,,,,,,,,,,,,,,,,,,,,,,,,,,,,,,,,,,,,,,,,,,,,,,,,,,,,,,,,,,,,,,,,,,
406,RUTW,LETE,29.76433,-93.14832,symbolic,7/11/2020,Y,50,50,,,,,86,105,105,egg shell near nest indicates hatch,Y,N,H,H,7/12/2020,Pictures unclear as to what happened,,,,,,,,,,,,,,,,,,,,,,,,,,,,,,,,,,,,,,,,,,,,,,,,,,,,,,,,,,,,,,,,,,"2E, 3d",,,,2E,,,,2E,,2E,,2E,,,,2E,"0E, hatch",,,,,,,,,,,,,,,,,,,,,,,,,,,,,,,,,,,,,,,,,,,,,,,,,,,,,,,,,,,,,,,,,,,,,,,,,,,,,,,,,,,,,,,,,,,,,,,,,,,,,,,,,,,,,,,,,,,,,,,,,,,,,,,,,,,,,,,
407,RUTW,LETE,29.76424,-93.14816,symbolic,7/1/2020,Y,40,50,,,,,86,102,102,No signof predation or abandonment,N,,H,,,,,,,,,,,,,,,,,,,,,,,,,,,,,,,,,,,,,,,,,,,,,,,,,,,,,,,,,,,,,,,,,,,,,"1E, 13d",,,,1E,,,,1E,,1E,,1E,,,,0E,,,,,,,,,,,,,,,,,,,,,,,,,,,,,,,,,,,,,,,,,,,,,,,,,,,,,,,,,,,,,,,,,,,,,,,,,,,,,,,,,,,,,,,,,,,,,,,,,,,,,,,,,,,,,,,,,,,,,,,,,,,,,,,,,,,,,,,,
408,RUTW,LETE,29.76427,-93.148,symbolic,7/2/2020,Y,60,50,,,,,86,98,98,Both chicks found dead in cup 7 hours after first check while putting out cameras,Y,N,H,H,7/4/2020,how old were chicks?,,,,,,,,,,,,,,,,,,,,,,,,,,,,,,,,,,,,,,,,,,,,,,,,,,,,,,,,,,,,,,,,,,"2E, 12d",,,,2E,,,,2E,,2E,,2C,,,,,,,,,,,,,,,,,,,,,,,,,,,,,,,,,,,,,,,,,,,,,,,,,,,,,,,,,,,,,,,,,,,,,,,,,,,,,,,,,,,,,,,,,,,,,,,,,,,,,,,,,,,,,,,,,,,,,,,,,,,,,,,,,,,,,,,,,,,,
409,RUTW,LETE,29.76425,-93.14771,symbolic,7/14/2020,Y,50,50,,,,,86,90,94,"Single egg left, ants in cup, egg covered in sand, possibly caused by cattle?",N,,A,,,,,,,,,,,,,,,,,,,,,,,,,,,,,,,,,,,,,,,,,,,,,,,,,,,,,,,,,,,,,,,,,,,,,"1E, 2d",,,,2E,,,,1E,,"1E, failed",,,,,,,,,,,,,,,,,,,,,,,,,,,,,,,,,,,,,,,,,,,,,,,,,,,,,,,,,,,,,,,,,,,,,,,,,,,,,,,,,,,,,,,,,,,,,,,,,,,,,,,,,,,,,,,,,,,,,,,,,,,,,,,,,,,,,,,,,,,,,,
410,RUTW,LETE,29.76409,-93.14684,none,7/15/2020,Y,20,50,,,,,86,108,108,"Single egg left in cup, poop in cup indicating hatch of second egg",N,,H,,,,,,,,,,,,,,,,,,,,,,,,,,,,,,,,,,,,,,,,,,,,,,,,,,,,,,,,,,,,,,,,,,,,,"1E, 1d",,,,2E,,,,2E,,2E,,2E,,,,2E,2E,,"1E, hatch",,,,,,,,,,,,,,,,,,,,,,,,,,,,,,,,,,,,,,,,,,,,,,,,,,,,,,,,,,,,,,,,,,,,,,,,,,,,,,,,,,,,,,,,,,,,,,,,,,,,,,,,,,,,,,,,,,,,,,,,,,,,,,,,,,,,,
411,RUTW,LETE,29.76567,-93.15527,none,7/15/2020,Y,50,50,,,,,86,86,90,Nest cup crushed with andts where eggs were. Vehicle tracks directly over nest cup,N,,Hu,,,,,,,,,,,,,,,,,,,,,,,,,,,,,,,,,,,,,,,,,,,,,,,,,,,,,,,,,,,,,,,,,,,,,"1E, 1d",,,,"0E, failed",,,,,,,,,,,,,,,,,,,,,,,,,,,,,,,,,,,,,,,,,,,,,,,,,,,,,,,,,,,,,,,,,,,,,,,,,,,,,,,,,,,,,,,,,,,,,,,,,,,,,,,,,,,,,,,,,,,,,,,,,,,,,,,,,,,,,,,,,,,,,,,,,,,,
412,RUTW,LETE,29.76706,-93.16164,symbolic,7/15/2020,Y,40,30,,,,,86,105,108,Eggs sechuduled to hatch 1-2 days before check. nest cup and surrounding area devestated by cattle track to the point of being almost unrecognizable. ,N,,U,,,,,,,,,,,,,,,,,,,,,,,,,,,,,,,,,,,,,,,,,,,,,,,,,,,,,,,,,,,,,,,,,,,,,"1E, 1d",,,,BON,,,,2E,,BON,,2E,,,,2E,2E,,"0E, unk",,,,,,,,,,,,,,,,,,,,,,,,,,,,,,,,,,,,,,,,,,,,,,,,,,,,,,,,,,,,,,,,,,,,,,,,,,,,,,,,,,,,,,,,,,,,,,,,,,,,,,,,,,,,,,,,,,,,,,,,,,,,,,,,,,,,,
413,HBRB,LETE,29.76494,-93.37286,none,unk,Y,0,0,,,,,89,101,101,Did not float due to heavy coyote predation in area. Cam placed on nest - fate probably U?,Y,Y,U,H,7/9/2020,"Chicks hatched on 9 July. Early morning of 10 July, chicks eaten in cup by Crested Caracara",,,,,,,,,,,,,,,,,,,,,,,,,,,,,,,,,,,,,,,,,,,,,,,,,,,,,,,,,,,,,,,,,,,,,"2E, no float",,,,,,,,2E,,,Hatch,0E,,,,,,,,,,,,,,,,,,,,,,,,,,,,,,,,,,,,,,,,,,,,,,,,,,,,,,,,,,,,,,,,,,,,,,,,,,,,,,,,,,,,,,,,,,,,,,,,,,,,,,,,,,,,,,,,,,,,,,,,,,,,,,,,,,,,,,,,,
414,RUTW,LETE,29.76572,-93.15541,symbolic,7/16/2020,Y,70,70,,,,,90,94,111,"Single egg sitting in cup for 2 weeks, followed to hatch date in case, but likely failed due to abandonment on over fourth of July weekend. Egg half buried in sand on 20 July",N,,A,,,,,,,,,,,,,,,,,,,,,,,,,,,,,,,,,,,,,,,,,,,,,,,,,,,,,,,,,,,,,,,,,,,,,,,,,"2E, 2d",,,,BON,,1E,,"1E, pos fail?",,,,1E,1E,,1E,,,"1E, failed",,,,,,,,,,,,,,,,,,,,,,,,,,,,,,,,,,,,,,,,,,,,,,,,,,,,,,,,,,,,,,,,,,,,,,,,,,,,,,,,,,,,,,,,,,,,,,,,,,,,,,,,,,,,,,,,,,,,,,,,,,,,,,,,,,
415,RUTW,LETE,29.76565,-93.15553,symbolic,7/15/2020,Y,0,40,,,,,91,111,111,"1 chick in cup one crushed egg in cup with fully developed chick. no cattle tracks on nest, perhaps crushed by catttle mouth while grazing",Y,N,H,H,7/20/2020,"only one image showing possibly a cow walking by nest, but no confirmation for what crushed second egg; approx hatch date - look at pics",,,,,,,,,,,,,,,,,,,,,,,,,,,,,,,,,,,,,,,,,,,,,,,,,,,,,,,,,,,,,,,,,,,,,,,2E,,,2E,,2E,,2E,,,,"2E, 15d",2E,,2E,,,"1C, hatch",,,,,,,,,,,,,,,,,,,,,,,,,,,,,,,,,,,,,,,,,,,,,,,,,,,,,,,,,,,,,,,,,,,,,,,,,,,,,,,,,,,,,,,,,,,,,,,,,,,,,,,,,,,,,,,,,,,,,,,,,,,,,,,,,,
416,RUTW,LETE,29.76568,-93.15517,symbolic,7/12/2020,Y,20,40,,,,,91,105,105,"No signs of predation, abandonment or other failure. Possible poop in cup",N,,H,,,,,,,,,,,,,,,,,,,,,,,,,,,,,,,,,,,,,,,,,,,,,,,,,,,,,,,,,,,,,,,,,,,,,,,,,,2E,,,2E,,2E,,2E,,,,"2E, 18d","0E, hatched",,,,,,,,,,,,,,,,,,,,,,,,,,,,,,,,,,,,,,,,,,,,,,,,,,,,,,,,,,,,,,,,,,,,,,,,,,,,,,,,,,,,,,,,,,,,,,,,,,,,,,,,,,,,,,,,,,,,,,,,,,,,,,,,,,,,,,,
417,RUTW,LETE,29.76154,-93.13561,none,unk,Y,10,20,,,,Vehicle,91,91,98,,N,,Hu,,,,,,,,,,,,,,,,,,,,,,,,,,,,,,,,,,,,,,,,,,,,,,,,,,,,,,,,,,,,,,,,,,,,,,,,,,1E,,,Did not Check,,Did not Check,,0E,,,,,,,,,,,,,,,,,,,,,,,,,,,,,,,,,,,,,,,,,,,,,,,,,,,,,,,,,,,,,,,,,,,,,,,,,,,,,,,,,,,,,,,,,,,,,,,,,,,,,,,,,,,,,,,,,,,,,,,,,,,,,,,,,,,,,,,,,,,,
418,RUTW,CONI,29.76447,-93.14879,symbolic,7/11/2020,Y,40,40,,,,,91,102,102,"Chicks near nest, Parents performingtail tuck andbroken wing",N,,H,,,,,,,,,,,,,,,,,,,,,,,,,,,,,,,,,,,,,,,,,,,,,,,,,,,,,,,,,,,,,,,,,,,,,,,,,,2E,,,2E,,2E,,2E,,,,2C,,,,,,,,,,,,,,,,,,,,,,,,,,,,,,,,,,,,,,,,,,,,,,,,,,,,,,,,,,,,,,,,,,,,,,,,,,,,,,,,,,,,,,,,,,,,,,,,,,,,,,,,,,,,,,,,,,,,,,,,,,,,,,,,,,,,,,,,
419,HBRB,LETE,29.76605,-93.3857,none,unk,Y,0,0,,,,Coyote,92,97,101,Did not float due to heavy coyote predation in area. Cam placed on nest - fate probably U?,Y,Y,U,D,7/8/2020,Coyote on video eating eggs,,,,,,,,,,,,,,,,,,,,,,,,,,,,,,,,,,,,,,,,,,,,,,,,,,,,,,,,,,,,,,,,,,,,,,,,2E,,,,,2E,,,,0E,,,,,,,,,,,,,,,,,,,,,,,,,,,,,,,,,,,,,,,,,,,,,,,,,,,,,,,,,,,,,,,,,,,,,,,,,,,,,,,,,,,,,,,,,,,,,,,,,,,,,,,,,,,,,,,,,,,,,,,,,,,,,,,,,,,,,,,,,
420,RUTW,LETE,29.7641,-93.14685,symbolic,7/20/2020,Y,75,75,,,,,95,114,114,Peepeing and pecking from inside of eggs. BON July 25th,Y,N,H,H,7/23/2020,,,,,,,,,,,,,,,,,,,,,,,,,,,,,,,,,,,,,,,,,,,,,,,,,,,,,,,,,,,,,,,,,,,,,,,,,,,,3E,3E,,"3E, 6d",,,,3E,3E,,3E,,,3E,,,"3E, hatch",,,,,,,,,,,,,,,,,,,,,,,,,,,,,,,,,,,,,,,,,,,,,,,,,,,,,,,,,,,,,,,,,,,,,,,,,,,,,,,,,,,,,,,,,,,,,,,,,,,,,,,,,,,,,,,,,,,,,,,,,,,,,,,
421,RUTW,LETE,29.7658,-93.15541,symbolic,7/10/2020,Y,50,50,,,,,95,102,102,Eggshell near cup,N,,H,,,,,,,,,,,,,,,,,,,,,,,,,,,,,,,,,,,,,,,,,,,,,,,,,,,,,,,,,,,,,,,,,,,,,,,,,,,,,,1E,1E,,1E,,,,0E,,,,,,,,,,,,,,,,,,,,,,,,,,,,,,,,,,,,,,,,,,,,,,,,,,,,,,,,,,,,,,,,,,,,,,,,,,,,,,,,,,,,,,,,,,,,,,,,,,,,,,,,,,,,,,,,,,,,,,,,,,,,,,,,,,,,,,,,
422,RUTW,LETE,29.76708,-93.16172,symbolic,7/23/2020,Y,10,40,,,,,95,105,111,"7/20 - eggs or not? No bird on nest in rain, egg # down from 2 to 1 on nest to last check",Y,N,A,F,7/19/2020,"unclear why birds left - incubating on 7/18, something triggered the camera that night and birds gone 7/19",,,,,,,,,,,,,,,,,,,,,,,,,,,,,,,,,,,,,,,,,,,,,,,,,,,,,,,,,,,,,,,,,,,,,,,,,,,1E,BON,,2E,,,,"2E,7d",2E,,"1E, failed?",,,Failed,,,,,,,,,,,,,,,,,,,,,,,,,,,,,,,,,,,,,,,,,,,,,,,,,,,,,,,,,,,,,,,,,,,,,,,,,,,,,,,,,,,,,,,,,,,,,,,,,,,,,,,,,,,,,,,,,,,,,,,,,,,,,,,,,,
423,RUTW,LETE,29.76422,-93.14847,symbolic,7/21/2020,Y,50,75,,,,Coyote,95,111,114,Coyote prints and scrapes at nest cup. Either hatched and were eaten or were eaten before hatch,N,,D,,,,,,,,,,,,,,,,,,,,,,,,,,,,,,,,,,,,,,,,,,,,,,,,,,,,,,,,,,,,,,,,,,,,,,,,,,,,,,2E,2E,,"2E, 5d",,,,2E,2E,,2E,,,2E,,,"0E, failed",,,,,,,,,,,,,,,,,,,,,,,,,,,,,,,,,,,,,,,,,,,,,,,,,,,,,,,,,,,,,,,,,,,,,,,,,,,,,,,,,,,,,,,,,,,,,,,,,,,,,,,,,,,,,,,,,,,,,,,,,,,,,,,
424,RUTW,LETE,29.76563,-93.15456,symbolic,7/12/2020,Y,0,20,,,,,95,108,108,why H? chicks seen?,Y,N,U-H,H,7/16/2020,condensation on camera on night of 7/16-morning of 7/17 makes it difficult to see what happened,,,,,,,,,,,,,,,,,,,,,,,,,,,,,,,,,,,,,,,,,,,,,,,,,,,,,,,,,,,,,,,,,,,,,,,,,,,2E,2E,,"2E, 14d",,,,2E,2E,,"0E, hatch",,,,,,,,,,,,,,,,,,,,,,,,,,,,,,,,,,,,,,,,,,,,,,,,,,,,,,,,,,,,,,,,,,,,,,,,,,,,,,,,,,,,,,,,,,,,,,,,,,,,,,,,,,,,,,,,,,,,,,,,,,,,,,,,,,,,,
425,RUTW,LETE,29.76388,-93.14663,symbolic,7/17/2020,Y,20,40,,,,,96,114,114,"Angry parents nearby, poop in cup.",N,,H,,,,,,,,,,,,,,,,,,,,,,,,,,,,,,,,,,,,,,,,,,,,,,,,,,,,,,,,,,,,,,,,,,,,,,,,,,,,,,,"2E, 7d",,2E,,,,2E,2E,,2E,,,2E,,,"0E, hatch",,,,,,,,,,,,,,,,,,,,,,,,,,,,,,,,,,,,,,,,,,,,,,,,,,,,,,,,,,,,,,,,,,,,,,,,,,,,,,,,,,,,,,,,,,,,,,,,,,,,,,,,,,,,,,,,,,,,,,,,,,,,,,,
426,RUTW,LETE,29.76376,-93.14611,symbolic,7/21/2020,Y,0,25,,,,,96,98,102,Cattle track through nest,N,,Ca,,,,,,,,,,,,,,,,,,,,,,,,,,,,,,,,,,,,,,,,,,,,,,,,,,,,,,,,,,,,,,,,,,,,,,,,,,,,,,,"2E, 3d",,2E,,,,"0E, failed",,,,,,,,,,,,,,,,,,,,,,,,,,,,,,,,,,,,,,,,,,,,,,,,,,,,,,,,,,,,,,,,,,,,,,,,,,,,,,,,,,,,,,,,,,,,,,,,,,,,,,,,,,,,,,,,,,,,,,,,,,,,,,,,,,,,,,,,
427,RUTW,LETE,29.76366,-93.14568,symbolic,7/17/2020,Y,0,25,,,,,96,108,108,"First egg to disappear must have failed or been depredated, chick in nest cup 6 days later from second egg",N,,H,,,,,,,,,,,,,,,,,,,,,,,,,,,,,,,,,,,,,,,,,,,,,,,,,,,,,,,,,,,,,,,,,,,,,,,,,,,,,,,"2E, 7d, 3d",,2E,,,,2E,2E,,"1E, hatch?",,,,,,1C,,,,,,,,,,,,,,,,,,,,,,,,,,,,,,,,,,,,,,,,,,,,,,,,,,,,,,,,,,,,,,,,,,,,,,,,,,,,,,,,,,,,,,,,,,,,,,,,,,,,,,,,,,,,,,,,,,,,,,,,,,,,,,,
428,RUTW,LETE,29.76359,-93.14537,symbolic,7/22/2020,Y,0,25,,,,,96,102,105,Second egg predated 14 Jul? possible abandonment after predation,N,,F,,,,,,,,,,,,,,,,,,,,,,,,,,,,,,,,,,,,,,,,,,,,,,,,,,,,,,,,,,,,,,,,,,,,,,,,,,,,,,,"2E, 2d",,2E,,,,2E,1E,,"1E, failed?",,,1E,,,,,,,,,,,,,,,,,,,,,,,,,,,,,,,,,,,,,,,,,,,,,,,,,,,,,,,,,,,,,,,,,,,,,,,,,,,,,,,,,,,,,,,,,,,,,,,,,,,,,,,,,,,,,,,,,,,,,,,,,,,,,,,,,,
429,RUTW,LETE,29.76356,-93.14529,symbolic,7/21/2020,Y,0,25,,,,,96,108,111,"Cattle tracks turned up the ground where nest cup was to the point that stick, cup, and eggs weren't able to be found",N,,Ca,,,,,,,,,,,,,,,,,,,,,,,,,,,,,,,,,,,,,,,,,,,,,,,,,,,,,,,,,,,,,,,,,,,,,,,,,,,,,,,"2E, 3d",,2E,,,,2E,2E,,2E,,,"0E, failed",,,,,,,,,,,,,,,,,,,,,,,,,,,,,,,,,,,,,,,,,,,,,,,,,,,,,,,,,,,,,,,,,,,,,,,,,,,,,,,,,,,,,,,,,,,,,,,,,,,,,,,,,,,,,,,,,,,,,,,,,,,,,,,,,,
430,HBRB,LETE,29.76512,-93.37423,none,unk,Y,0,0,,,,Hog,97,97,101,Did not float due to heavy coyote predation in area,N,,D,,,,,,,,,,,,,,,,,,,,,,,,,,,,,,,,,,,,,,,,,,,,,,,,,,,,,,,,,,,,,,,,,,,,,,,,,,,,,,,,2E,,,,0E,,,,,,,,,,,,,,,,,,,,,,,,,,,,,,,,,,,,,,,,,,,,,,,,,,,,,,,,,,,,,,,,,,,,,,,,,,,,,,,,,,,,,,,,,,,,,,,,,,,,,,,,,,,,,,,,,,,,,,,,,,,,,,,,,,,,,,,,,
431,HBRB,CONI,29.76503,-93.37254,none,unk,Y,5,5,,,,Caracara,97,97,101,Did not float due to heavy coyote predation in area,N,,D,,,,,,,,,,,,,,,,,,,,,,,,,,,,,,,,,,,,,,,,,,,,,,,,,,,,,,,,,,,,,,,,,,,,,,,,,,,,,,,,2E,,,,0E,,,,,,,,,,,,,,,,,,,,,,,,,,,,,,,,,,,,,,,,,,,,,,,,,,,,,,,,,,,,,,,,,,,,,,,,,,,,,,,,,,,,,,,,,,,,,,,,,,,,,,,,,,,,,,,,,,,,,,,,,,,,,,,,,,,,,,,,,
432,RUTW,LETE,29.76359,-93.14536,symbolic,7/24/2020,Y,0,10,,,,,98,111,114,Cattle prints destroyed nest and surrounding area,N,,Ca,,,,,,,,,,,,,,,,,,,,,,,,,,,,,,,,,,,,,,,,,,,,,,,,,,,,,,,,,,,,,,,,,,,,,,,,,,,,,,,,,2E,,,,"2E, 6d",2E,,2E,,,2E,,,"0E, failed",,,,,,,,,,,,,,,,,,,,,,,,,,,,,,,,,,,,,,,,,,,,,,,,,,,,,,,,,,,,,,,,,,,,,,,,,,,,,,,,,,,,,,,,,,,,,,,,,,,,,,,,,,,,,,,,,,,,,,,,,,,,,,,
433,RUTW,LETE,29.76359,-93.14542,symbolic,7/24/2020,Y,5,10,,,,,98,111,114,Cattle prints destroyed nest and surrounding area,Y,N,Ca,Ca,7/22/2020,Blurry pictures due to moisture prevented pictures of what happened,,,,,,,,,,,,,,,,,,,,,,,,,,,,,,,,,,,,,,,,,,,,,,,,,,,,,,,,,,,,,,,,,,,,,,,,,,,,,,2E,,,,"2E, 6d",2E,,2E,,,2E,,,"0E, failed",,,,,,,,,,,,,,,,,,,,,,,,,,,,,,,,,,,,,,,,,,,,,,,,,,,,,,,,,,,,,,,,,,,,,,,,,,,,,,,,,,,,,,,,,,,,,,,,,,,,,,,,,,,,,,,,,,,,,,,,,,,,,,,
434,RUTW,LETE,29.76363,-93.1456,symbolic,7/24/2020,Y,0,10,,,,Coyote,98,111,114,Coyote prints at nest cup,N,,D,,,,,,,,,,,,,,,,,,,,,,,,,,,,,,,,,,,,,,,,,,,,,,,,,,,,,,,,,,,,,,,,,,,,,,,,,,,,,,,,,1E,,,,"1E, 6d",1E,,1E,,,1E,,,"0E, failed",,,,,,,,,,,,,,,,,,,,,,,,,,,,,,,,,,,,,,,,,,,,,,,,,,,,,,,,,,,,,,,,,,,,,,,,,,,,,,,,,,,,,,,,,,,,,,,,,,,,,,,,,,,,,,,,,,,,,,,,,,,,,,,
435,RUTW,LETE,29.76408,-93.14817,symbolic,7/24/2020,Y,0,0,,,,,98,102,105,Cattle tracks through nest,N,,Ca,,,,,,,,,,,,,,,,,,,,,,,,,,,,,,,,,,,,,,,,,,,,,,,,,,,,,,,,,,,,,,,,,,,,,,,,,,,,,,,,,1E,,,,"1E, 6d","0E, failed",,,,,,,,,,,,,,,,,,,,,,,,,,,,,,,,,,,,,,,,,,,,,,,,,,,,,,,,,,,,,,,,,,,,,,,,,,,,,,,,,,,,,,,,,,,,,,,,,,,,,,,,,,,,,,,,,,,,,,,,,,,,,,,,,,,,,,,
436,RUTW,LETE,29.76422,-93.14839,symbolic,7/17/2020,Y,10,30,,,,,98,111,111,Chick hatched in cup,Y,,H,H,7/18/2020,hard to tell from photos - how old was chick found in nest?,,,,,,,,,,,,,,,,,,,,,,,,,,,,,,,,,,,,,,,,,,,,,,,,,,,,,,,,,,,,,,,,,,,,,,,,,,,,,,"1E, 9d",,,,1E,1E,,1E,,,1C,,,,,,,,,,,,,,,,,,,,,,,,,,,,,,,,,,,,,,,,,,,,,,,,,,,,,,,,,,,,,,,,,,,,,,,,,,,,,,,,,,,,,,,,,,,,,,,,,,,,,,,,,,,,,,,,,,,,,,,,,,,,,,,,,,
437,RUTW,LETE,29.76429,-93.14833,symbolic,7/23/2020,Y,50,50,,,,,98,102,105,1 Egg recently depredated in nest cup. second egg may still be good. removed bad broken egg. Nest abandoned,N,,A,,,,,,,,,,,,,,,,,,,,,,,,,,,,,,,,,,,,,,,,,,,,,,,,,,,,,,,,,,,,,,,,,,,,,,,,,,,,,,,,,2E,,,,"1E, 7d, Fail?","0E, failed",,,,,,,,,,,,,,,,,,,,,,,,,,,,,,,,,,,,,,,,,,,,,,,,,,,,,,,,,,,,,,,,,,,,,,,,,,,,,,,,,,,,,,,,,,,,,,,,,,,,,,,,,,,,,,,,,,,,,,,,,,,,,,,,,,,,,,,
438,RUTW,LETE,29.76546,-93.15455,symbolic,7/16/2020,Y,0,10,,,,,98,108,108,Shell near nest,N,,H,,,,,,,,,,,,,,,,,,,,,,,,,,,,,,,,,,,,,,,,,,,,,,,,,,,,,,,,,,,,,,,,,,,,,,,,,,,,,,,,,2E,,,,"2E, 14d",2E,,"1E, hatch",,,,,,,,,,,,,,,,,,,,,,,,,,,,,,,,,,,,,,,,,,,,,,,,,,,,,,,,,,,,,,,,,,,,,,,,,,,,,,,,,,,,,,,,,,,,,,,,,,,,,,,,,,,,,,,,,,,,,,,,,,,,,,,,,,,,,
439,RUTW,LETE,29.76547,-93.15459,symbolic,unk,Y,0,10,,,,Ghostcrab,98,98,102,Ghost crab hole directly in nest cup,N,,D,,,,,,,,,,,,,,,,,,,,,,,,,,,,,,,,,,,,,,,,,,,,,,,,,,,,,,,,,,,,,,,,,,,,,,,,,,,,,,,,,2E,,,,"0E, failed",,,,,,,,,,,,,,,,,,,,,,,,,,,,,,,,,,,,,,,,,,,,,,,,,,,,,,,,,,,,,,,,,,,,,,,,,,,,,,,,,,,,,,,,,,,,,,,,,,,,,,,,,,,,,,,,,,,,,,,,,,,,,,,,,,,,,,,,
440,RUTW,LETE,29.76553,-93.15516,symbolic,unk,Y,0,10,,,,Ghostcrab,98,98,102,Ghost crab hole directly in nest cup,N,,D,,,,,,,,,,,,,,,,,,,,,,,,,,,,,,,,,,,,,,,,,,,,,,,,,,,,,,,,,,,,,,,,,,,,,,,,,,,,,,,,,1E,,,,"0E, failed",,,,,,,,,,,,,,,,,,,,,,,,,,,,,,,,,,,,,,,,,,,,,,,,,,,,,,,,,,,,,,,,,,,,,,,,,,,,,,,,,,,,,,,,,,,,,,,,,,,,,,,,,,,,,,,,,,,,,,,,,,,,,,,,,,,,,,,,
441,RUTW,LETE,29.76548,-93.15517,symbolic,7/24/2020,Y,0,0,,,,,98,108,111,cup and stick washed away after rain,N,,W,,,,,,,,,,,,,,,,,,,,,,,,,,,,,,,,,,,,,,,,,,,,,,,,,,,,,,,,,,,,,,,,,,,,,,,,,,,,,,,,,1E,,,,"1E, 6d",1E,,1E,,,"0E, failed",,,,,,,,,,,,,,,,,,,,,,,,,,,,,,,,,,,,,,,,,,,,,,,,,,,,,,,,,,,,,,,,,,,,,,,,,,,,,,,,,,,,,,,,,,,,,,,,,,,,,,,,,,,,,,,,,,,,,,,,,,,,,,,,,,
442,RUTW,LETE,29.76555,-93.15548,symbolic,unk,Y,0,0,,,,,98,98,102,"Nest built in middle of high tide line. Nest likely washed out during regular tide, not stormsurge or rain as neither were significant  in the days between checks, and tide line was only ~2 feet further up beach than at previous check",N,,W,,,,,,,,,,,,,,,,,,,,,,,,,,,,,,,,,,,,,,,,,,,,,,,,,,,,,,,,,,,,,,,,,,,,,,,,,,,,,,,,,2E,,,,"0E, failed",,,,,,,,,,,,,,,,,,,,,,,,,,,,,,,,,,,,,,,,,,,,,,,,,,,,,,,,,,,,,,,,,,,,,,,,,,,,,,,,,,,,,,,,,,,,,,,,,,,,,,,,,,,,,,,,,,,,,,,,,,,,,,,,,,,,,,,,
443,RUTW,LETE,29.76567,-93.1556,symbolic,7/20/2020,Y,0,20,,,,,98,111,111,Highly upset parents near nest,N,,H,,,,,,,,,,,,,,,,,,,,,,,,,,,,,,,,,,,,,,,,,,,,,,,,,,,,,,,,,,,,,,,,,,,,,,,,,,,,,,,,,2E,,,,"2E, 10d",2E,,2E,,,"1E, hatch",,,,,,,,,,,,,,,,,,,,,,,,,,,,,,,,,,,,,,,,,,,,,,,,,,,,,,,,,,,,,,,,,,,,,,,,,,,,,,,,,,,,,,,,,,,,,,,,,,,,,,,,,,,,,,,,,,,,,,,,,,,,,,,,,,
444,RUTW,LETE,29.76421,-93.14785,symbolic,7/19/2020,Y,75,75,,,,,98,111,111,chick in cup with second egg in process of hatch,N,,H,,,,,,,,,,,,,,,,,,,,,,,,,,,,,,,,,,,,,,,,,,,,,,,,,,,,,,,,,,,,,,,,,,,,,,,,,,,,,,,,,"2E, 7d",,,,2E,2E,,2E,,,"1C, 1E",,,,,,,,,,,,,,,,,,,,,,,,,,,,,,,,,,,,,,,,,,,,,,,,,,,,,,,,,,,,,,,,,,,,,,,,,,,,,,,,,,,,,,,,,,,,,,,,,,,,,,,,,,,,,,,,,,,,,,,,,,,,,,,,,,
445,RUTW,LETE,29.76386,-93.14663,symbolic,7/17/2020,Y,0,10,,,,,102,108,108,Chick wet in cup,N,,H,,,,,,,,,,,,,,,,,,,,,,,,,,,,,,,,,,,,,,,,,,,,,,,,,,,,,,,,,,,,,,,,,,,,,,,,,,,,,,,,,,,,,"2E, 13d",2E,,1C,,,,,,,,,,,,,,,,,,,,,,,,,,,,,,,,,,,,,,,,,,,,,,,,,,,,,,,,,,,,,,,,,,,,,,,,,,,,,,,,,,,,,,,,,,,,,,,,,,,,,,,,,,,,,,,,,,,,,,,,,,,,,,,,,,,,,
446,RUTW,LETE,29.76688,-93.1609,symbolic,7/23/2020,Y,0,0,,,,,102,114,114,Chick in cup,N,,H,,,,,,,,,,,,,,,,,,,,,,,,,,,,,,,,,,,,,,,,,,,,,,,,,,,,,,,,,,,,,,,,,,,,,,,,,,,,,,,,,,,,,"1E, 7d",1E,,1E,,,BON,,,"1C, hatch",,,,,,,,,,,,,,,,,,,,,,,,,,,,,,,,,,,,,,,,,,,,,,,,,,,,,,,,,,,,,,,,,,,,,,,,,,,,,,,,,,,,,,,,,,,,,,,,,,,,,,,,,,,,,,,,,,,,,,,,,,,,,,,
447,RUTW,LETE,29.76696,-93.16107,symbolic,7/24/2020,Y,0,0,,,,,102,114,114,Chick in cup,N,,H,,,,,,,,,,,,,,,,,,,,,,,,,,,,,,,,,,,,,,,,,,,,,,,,,,,,,,,,,,,,,,,,,,,,,,,,,,,,,,,,,,,,,"2E, 6d",2E,,2E,,,BON,,,"1C, hatch",,,,,,,,,,,,,,,,,,,,,,,,,,,,,,,,,,,,,,,,,,,,,,,,,,,,,,,,,,,,,,,,,,,,,,,,,,,,,,,,,,,,,,,,,,,,,,,,,,,,,,,,,,,,,,,,,,,,,,,,,,,,,,,
448,RUTW,LETE,29.76695,-93.16108,symbolic,7/26/2020,Y,0,0,,,,,102,102,105,Cattle tracks through nest cup,N,,Ca,,,,,,,,,,,,,,,,,,,,,,,,,,,,,,,,,,,,,,,,,,,,,,,,,,,,,,,,,,,,,,,,,,,,,,,,,,,,,,,,,,,,,"2E, 4d","0E, failed",,,,,,,,,,,,,,,,,,,,,,,,,,,,,,,,,,,,,,,,,,,,,,,,,,,,,,,,,,,,,,,,,,,,,,,,,,,,,,,,,,,,,,,,,,,,,,,,,,,,,,,,,,,,,,,,,,,,,,,,,,,,,,,,,,,,,,,
449,RUTW,LETE,29.76704,-93.16103,symbolic,7/24/2020,Y,0,10,,,,,102,111,114,No chicks or sign of egg shells in cup. several other pairs of terns with chicks and eggs nearby so not clear if upset parents are for nest,N,,F,,,,,,,,,,,,,,,,,,,,,,,,,,,,,,,,,,,,,,,,,,,,,,,,,,,,,,,,,,,,,,,,,,,,,,,,,,,,,,,,,,,,,"3E, 6d",3E,,3E,,,BON,,,"0E, fail?",,,,,,,,,,,,,,,,,,,,,,,,,,,,,,,,,,,,,,,,,,,,,,,,,,,,,,,,,,,,,,,,,,,,,,,,,,,,,,,,,,,,,,,,,,,,,,,,,,,,,,,,,,,,,,,,,,,,,,,,,,,,,,,
450,RUTW,LETE,29.767,-93.1611,symbolic,7/21/2020,Y,40,30,,,,,102,114,114,"Shell near cup, second egg was abandoned",N,,H,,,,,,,,,,,,,,,,,,,,,,,,,,,,,,,,,,,,,,,,,,,,,,,,,,,,,,,,,,,,,,,,,,,,,,,,,,,,,,,,,,,,,"1E, 9d",1E,,1E,,,Didn't check,,,"0E, hatch",,,,,,,,,,,,,,,,,,,,,,,,,,,,,,,,,,,,,,,,,,,,,,,,,,,,,,,,,,,,,,,,,,,,,,,,,,,,,,,,,,,,,,,,,,,,,,,,,,,,,,,,,,,,,,,,,,,,,,,,,,,,,,,
451,RUTW,LETE,29.76427,-93.14828,symbolic,7/18/2020,Y,30,30,,,,,105,111,111,,N,,H,,,,,,,,,,,,,,,,,,,,,,,,,,,,,,,,,,,,,,,,,,,,,,,,,,,,,,,,,,,,,,,,,,,,,,,,,,,,,,,,,,,,,,"2E, 15d",,2E,,,"1E, hatch",,,,,,,,,,,,,,,,,,,,,,,,,,,,,,,,,,,,,,,,,,,,,,,,,,,,,,,,,,,,,,,,,,,,,,,,,,,,,,,,,,,,,,,,,,,,,,,,,,,,,,,,,,,,,,,,,,,,,,,,,,,,,,,,,,
452,RUTW,LETE,29.76701,-93.16089,symbolic,7/18/2020,Y,10,30,,,,,105,114,114,"Two chicks in cup, one still wet",N,,H,,,,,,,,,,,,,,,,,,,,,,,,,,,,,,,,,,,,,,,,,,,,,,,,,,,,,,,,,,,,,,,,,,,,,,,,,,,,,,,,,,,,,,"2E, 15d",,2E,,,BON,,,2C,,,,,,,,,,,,,,,,,,,,,,,,,,,,,,,,,,,,,,,,,,,,,,,,,,,,,,,,,,,,,,,,,,,,,,,,,,,,,,,,,,,,,,,,,,,,,,,,,,,,,,,,,,,,,,,,,,,,,,,,,,,,,,,
453,RUTW,LETE,29.76698,-93.16113,symbolic,7/24/2020,Y,40,30,,,,,105,114,114,"Poop in cup, 1egg left in cup, possibly still good?",N,,H,,,,,,,,,,,,,,,,,,,,,,,,,,,,,,,,,,,,,,,,,,,,,,,,,,,,,,,,,,,,,,,,,,,,,,,,,,,,,,,,,,,,,,"2E, 9d",,2E,,,BON,,,"1E, hatch",,,,,,,,,,,,,,,,,,,,,,,,,,,,,,,,,,,,,,,,,,,,,,,,,,,,,,,,,,,,,,,,,,,,,,,,,,,,,,,,,,,,,,,,,,,,,,,,,,,,,,,,,,,,,,,,,,,,,,,,,,,,,,,
454,RUTW,CONI,29.7667,-93.15858,none,7/27/2020,Y,95,95,,,,,105,118,122,"No sign of eggs, chicks or parents anywhere in area after multiple checks on Jul 31st",Y,N,U,NA,NA,CAmera filled up memory before fate,,,,,,,,,,,,,,,,,,,,,,,,,,,,,,,,,,,,,,,,,,,,,,,,,,,,,,,,,,,,,,,,,,,,,,,,,,,,,,,,,,,"2E, angled @ bottom",,2E,,,BON,,,BON,,BON,,"BON, 2E",,"0E, failed?",,,,,,,,,,,,,,,,,,,,,,,,,,,,,,,,,,,,,,,,,,,,,,,,,,,,,,,,,,,,,,,,,,,,,,,,,,,,,,,,,,,,,,,,,,,,,,,,,,,,,,,,,,,,,,,,,,,,,,,,,
455,RUTW,LETE,29.76349,-93.14529,symbolic,8/1/2020,Y,0,0,,,,,108,108,111,Washed away in high tide during storm event,N,,S,,,,,,,,,,,,,,,,,,,,,,,,,,,,,,,,,,,,,,,,,,,,,,,,,,,,,,,,,,,,,,,,,,,,,,,,,,,,,,,,,,,,,,,,"2E, 4d",,,"0E, failed",,,,,,,,,,,,,,,,,,,,,,,,,,,,,,,,,,,,,,,,,,,,,,,,,,,,,,,,,,,,,,,,,,,,,,,,,,,,,,,,,,,,,,,,,,,,,,,,,,,,,,,,,,,,,,,,,,,,,,,,,,,,,,,,,,
456,RUTW,LETE,29.76696,-93.16099,symbolic,7/29/2020,Y,0,0,,,,,108,111,114,"No eggs in cup, no obvious sign of reason",N,,F,,,,,,,,,,,,,,,,,,,,,,,,,,,,,,,,,,,,,,,,,,,,,,,,,,,,,,,,,,,,,,,,,,,,,,,,,,,,,,,,,,,,,,,,"2E, 7d",,,BON,,,"0E, failed",,,,,,,,,,,,,,,,,,,,,,,,,,,,,,,,,,,,,,,,,,,,,,,,,,,,,,,,,,,,,,,,,,,,,,,,,,,,,,,,,,,,,,,,,,,,,,,,,,,,,,,,,,,,,,,,,,,,,,,,,,,,,,,
457,RUTW,LETE,29.76698,-93.16124,symbolic,7/23/2020,Y,0,10,,,,,108,114,114,",Chick nearby, probably from nest",N,,H,,,,,,,,,,,,,,,,,,,,,,,,,,,,,,,,,,,,,,,,,,,,,,,,,,,,,,,,,,,,,,,,,,,,,,,,,,,,,,,,,,,,,,,,2E,,,BON,,,"0E, hatch",,,,,,,,,,,,,,,,,,,,,,,,,,,,,,,,,,,,,,,,,,,,,,,,,,,,,,,,,,,,,,,,,,,,,,,,,,,,,,,,,,,,,,,,,,,,,,,,,,,,,,,,,,,,,,,,,,,,,,,,,,,,,,,
458,RUTW,LETE,29.76699,-93.16082,symbolic,7/23/2020,Y,30,30,,,,,108,114,114,Poop in cup,N,,H,,,,,,,,,,,,,,,,,,,,,,,,,,,,,,,,,,,,,,,,,,,,,,,,,,,,,,,,,,,,,,,,,,,,,,,,,,,,,,,,,,,,,,,,"2E, 13d",,,BON,,,"0E, hatch",,,,,,,,,,,,,,,,,,,,,,,,,,,,,,,,,,,,,,,,,,,,,,,,,,,,,,,,,,,,,,,,,,,,,,,,,,,,,,,,,,,,,,,,,,,,,,,,,,,,,,,,,,,,,,,,,,,,,,,,,,,,,,,
459,RUTW,LETE,29.76765,-93.16483,none,7/22/2020,Y,10,10,,,,,111,114,116,Nest washed out during storm surge from hurricane Hannah,N,,S,,,,,,,,,,,,,,,,,,,,,,,,,,,,,,,,,,,,,,,,,,,,,,,,,,,,,,,,,,,,,,,,,,,,,,,,,,,,,,,,,,,,,,,,,,,"2E, 17d",,,2E,,"0E, failed",,,,,,,,,,,,,,,,,,,,,,,,,,,,,,,,,,,,,,,,,,,,,,,,,,,,,,,,,,,,,,,,,,,,,,,,,,,,,,,,,,,,,,,,,,,,,,,,,,,,,,,,,,,,,,,,,,,,,,,,,,,,,
460,RUTW,LETE,29.76754,-93.16374,none,7/22/2020,Y,5,10,,,,,111,116,116,chick seen in field? Bird incubating a few feet away from nest cup on 25th,Y,N,U-H,H,7/24/2020,Chick immediately moved away from nest cup,,,,,,,,,,,,,,,,,,,,,,,,,,,,,,,,,,,,,,,,,,,,,,,,,,,,,,,,,,,,,,,,,,,,,,,,,,,,,,,,,,,,,,,,"1E, 17d",,,1E,,"0E, hatch",,,,,,,,,,,,,,,,,,,,,,,,,,,,,,,,,,,,,,,,,,,,,,,,,,,,,,,,,,,,,,,,,,,,,,,,,,,,,,,,,,,,,,,,,,,,,,,,,,,,,,,,,,,,,,,,,,,,,,,,,,,,,
461,RUTW,LETE,29.76687,-93.1608,symbolic,8/7/2020,Y,0,5,,,,,114,114,116,Nest washed out during storm surge from hurricane Hannah,Y,Y,F,S,7/24/2020,camera evidence? Nest washed out during storm surge from hurricane Hannah,,,,,,,,,,,,,,,,,,,,,,,,,,,,,,,,,,,,,,,,,,,,,,,,,,,,,,,,,,,,,,,,,,,,,,,,,,,,,,,,,,,,,,,,,,,"2E, 4d",,"0E, failed",,,,,,,,,,,,,,,,,,,,,,,,,,,,,,,,,,,,,,,,,,,,,,,,,,,,,,,,,,,,,,,,,,,,,,,,,,,,,,,,,,,,,,,,,,,,,,,,,,,,,,,,,,,,,,,,,,,,,,,,,,,,,
462,RUTW,LETE,29.76691,-93.1609,symbolic,7/25/2020,Y,0,5,,,,,114,114,116,Nest washed out during storm surge from hurricane Hannah,N,,S,,,,,,,,,,,,,,,,,,,,,,,,,,,,,,,,,,,,,,,,,,,,,,,,,,,,,,,,,,,,,,,,,,,,,,,,,,,,,,,,,,,,,,,,,,,,,,"2E, 17d",,"0E, failed",,,,,,,,,,,,,,,,,,,,,,,,,,,,,,,,,,,,,,,,,,,,,,,,,,,,,,,,,,,,,,,,,,,,,,,,,,,,,,,,,,,,,,,,,,,,,,,,,,,,,,,,,,,,,,,,,,,,,,,,,,,,,
463,RUTW,LETE,29.76701,-93.16161,symbolic,7/25/2020,Y,20,30,,,,,114,114,116,Nest washed out during storm surge from hurricane Hannah,Y,Y,S,S,7/24/2020,camera evidence? Nest washed out during storm surge from hurricane Hannah,,,,,,,,,,,,,,,,,,,,,,,,,,,,,,,,,,,,,,,,,,,,,,,,,,,,,,,,,,,,,,,,,,,,,,,,,,,,,,,,,,,,,,,,,,,"2E, 17d",,"0E, failed",,,,,,,,,,,,,,,,,,,,,,,,,,,,,,,,,,,,,,,,,,,,,,,,,,,,,,,,,,,,,,,,,,,,,,,,,,,,,,,,,,,,,,,,,,,,,,,,,,,,,,,,,,,,,,,,,,,,,,,,,,,,,
464,RUTW,LETE,29.76561,-93.15562,symbolic,8/7/2020,Y,0,0,,,,,114,114,116,Nest made below high tide wrack line. Nest washed out during storm surge from hurricane Hannah,N,,S,,,,,,,,,,,,,,,,,,,,,,,,,,,,,,,,,,,,,,,,,,,,,,,,,,,,,,,,,,,,,,,,,,,,,,,,,,,,,,,,,,,,,,,,,,,,,,"1E, 4d",,"0E, failed",,,,,,,,,,,,,,,,,,,,,,,,,,,,,,,,,,,,,,,,,,,,,,,,,,,,,,,,,,,,,,,,,,,,,,,,,,,,,,,,,,,,,,,,,,,,,,,,,,,,,,,,,,,,,,,,,,,,,,,,,,,,,
465,RUTW,LETE,29.76435,-93.14889,symbolic,7/25/2020,N,40,40,,,,,114,114,116,Nest washed out during storm surge from hurricane Hannah,Y,N,S,S,7/24/2020,Cattle knocked camera over before storm surge or evidence of hatch. Camera picked up by locals,,,,,,,,,,,,,,,,,,,,,,,,,,,,,,,,,,,,,,,,,,,,,,,,,,,,,,,,,,,,,,,,,,,,,,,,,,,,,,,,,,,,,,,,,,,"2E, 17d",,"0E, failed",,,,,,,,,,,,,,,,,,,,,,,,,,,,,,,,,,,,,,,,,,,,,,,,,,,,,,,,,,,,,,,,,,,,,,,,,,,,,,,,,,,,,,,,,,,,,,,,,,,,,,,,,,,,,,,,,,,,,,,,,,,,,
466,RUTW,LETE,29.76703,-93.16164,symbolic,7/28/2020,Y,50,50,,,,,118,118,122,eggs still in cup cold. no parental activity,Y,Y,A,Ca,7/29/2020,Birds on nest after Camera set up and nest was marked but abandoned nest 2 days later and stopped getting pictures of parents. - cattle,,,,,,,,,,,,,,,,,,,,,,,,,,,,,,,,,,,,,,,,,,,,,,,,,,,,,,,,,,,,,,,,,,,,,,,,,,,,,,,,,,,,,,,,,,,,,,,"2E, 18d",,"2E, failed",,,,,,,,,,,,,,,,,,,,,,,,,,,,,,,,,,,,,,,,,,,,,,,,,,,,,,,,,,,,,,,,,,,,,,,,,,,,,,,,,,,,,,,,,,,,,,,,,,,,,,,,,,,,,,,,,,,,,,,,,
,,,,,,,,,,,,,,,,,,,N,,H,,"nest is marked with a piece of driftwood in photos; female starts moving around on second day, looks like she's brooding",,,,,,,,,,,,,,,,,,,,,,,,,,,,,,,,,,,,,,,,,,,,,,,,,,,,,,,,,,,,,,,,,,,,,,,,,,,,,,,,,,,,,,,,,,,,,,,,,,,,,,,,,,,,,,,,,,,,,,,,,,,,,,,,,,,,,,,,,,,,,,,,,,,,,,,,,,,,,,,,,,,,,,,,,,,,,,,,,,,,,,,,,,,,,,,,,,,,,,,,,,,,,,,,,,,,,,,,,,
,,,,,,,,,,,,,,,,,,,,,,,,,,,,,,,,,,,,,,,,,,,,,,,,,,,,,,,,,,,,,,,,,,,,,,,,,,,,,,,,,,,,,,,,,,,,,,,,,,,,,,,,,,,,,,,,,,,,,,,,,,,,,,,,,,,,,,,,,,,,,,,,,,,,,,,,,,,,,,,,,,,,,,,,,,,,,,,,,,,,,,,,,,,,,,,,,,,,,,,,,,,,,,,,,,,,,,,,,,,,,,,,,,,,,,,,,,,,,,,,,
,,,,,,,,,,,,,,,,,,,,,,,,,,,,,,,,,,,,,,,,,,,,,,,,,,,,,,,,,,,,,,,,,,,,,,,,,,,,,,,,,,,,,,,,,,,,,,,,,,,,,,,,,,,,,,,,,,,,,,,,,,,,,,,,,,,,,,,,,,,,,,,,,,,,,,,,,,,,,,,,,,,,,,,,,,,,,,,,,,,,,,,,,,,,,,,,,,,,,,,,,,,,,,,,,,,,,,,,,,,,,,,,,,,,,,,,,,,,,,,,,
,,,,,,,,,,,,,,,,,,,,,,,,,,,,,,,,,,,,,,,,,,,,,,,,,,,,,,,,,,,,,,,,,,,,,,,,,,,,,,,,,,,,,,,,,,,,,,,,,,,,,,,,,,,,,,,,,,,,,,,,,,,,,,,,,,,,,,,,,,,,,,,,,,,,,,,,,,,,,,,,,,,,,,,,,,,,,,,,,,,,,,,,,,,,,,,,,,,,,,,,,,,,,,,,,,,,,,,,,,,,,,,,,,,,,,,,,,,,,,,,,
,,,,,,,,,,,,,,,,,,,,,,,,,,,,,,,,,,,,,,,,,,,,,,,,,,,,,,,,,,,,,,,,,,,,,,,,,,,,,,,,,,,,,,,,,,,,,,,,,,,,,,,,,,,,,,,,,,,,,,,,,,,,,,,,,,,,,,,,,,,,,,,,,,,,,,,,,,,,,,,,,,,,,,,,,,,,,,,,,,,,,,,,,,,,,,,,,,,,,,,,,,,,,,,,,,,,,,,,,,,,,,,,,,,,,,,,,,,,,,,,,
,,,,,,,,,,,,,,,,,,,,,,,,,,,,,,,,,,,,,,,,,,,,,,,,,,,,,,,,,,,,,,,,,,,,,,,,,,,,,,,,,,,,,,,,,,,,,,,,,,,,,,,,,,,,,,,,,,,,,,,,,,,,,,,,,,,,,,,,,,,,,,,,,,,,,,,,,,,,,,,,,,,,,,,,,,,,,,,,,,,,,,,,,,,,,,,,,,,,,,,,,,,,,,,,,,,,,,,,,,,,,,,,,,,,,,,,,,,,,,,,,
,,,,,,,,,,,,,,,,,,,,,,,,,,,,,,,,,,,,,,,,,,,,,,,,,,,,,,,,,,,,,,,,,,,,,,,,,,,,,,,,,,,,,,,,,,,,,,,,,,,,,,,,,,,,,,,,,,,,,,,,,,,,,,,,,,,,,,,,,,,,,,,,,,,,,,,,,,,,,,,,,,,,,,,,,,,,,,,,,,,,,,,,,,,,,,,,,,,,,,,,,,,,,,,,,,,,,,,,,,,,,,,,,,,,,,,,,,,,,,,,,
